,image,entropy1,entropy2
0,canadaojp_2016_01_01_002959.jpg,0.9928344491309138,0.9999918189183123
1,canadaojp_2016_01_01_005959.jpg,0.9924353779132812,0.999980949878094
2,canadaojp_2016_01_01_012959.jpg,0.990061087893569,0.999794168793551
3,canadaojp_2016_01_01_015959.jpg,0.9939412719591516,0.9970719589824806
4,canadaojp_2016_01_01_022959.jpg,0.9962852679588399,0.9999894527440736
5,canadaojp_2016_01_01_025959.jpg,0.9868947745021088,0.9981121654617068
6,canadaojp_2016_01_01_032959.jpg,0.9948251598288695,0.9994405871566787
7,canadaojp_2016_01_01_040000.jpg,0.9937067978568046,0.9998117481663708
8,canadaojp_2016_01_01_042959.jpg,0.9955588891458376,0.9977925541683121
9,canadaojp_2016_01_01_050000.jpg,0.9835494567529915,0.9976053754282062
10,canadaojp_2016_01_01_052959.jpg,0.9924363185962627,0.9999981964453497
11,canadaojp_2016_01_01_060000.jpg,0.9863672350747971,0.9987527787971621
12,canadaojp_2016_01_01_062959.jpg,0.9904203617325666,0.9998018768044754
13,canadaojp_2016_01_01_065959.jpg,0.991001280245466,0.9997417275000844
14,canadaojp_2016_01_01_072959.jpg,0.9926483321410767,0.999996045384306
15,canadaojp_2016_01_01_075959.jpg,0.96380491783791,0.9982687790560137
16,canadaojp_2016_01_01_082959.jpg,0.8324924398333602,0.8885562616102174
17,canadaojp_2016_01_01_085959.jpg,0.6921646264615742,0.8606360575215086
18,canadaojp_2016_01_01_092959.jpg,0.6869193636347635,0.899024038678462
19,canadaojp_2016_01_01_095959.jpg,0.5351529826496699,0.9723922354541
20,canadaojp_2016_01_01_103000.jpg,0.5804432045134869,0.9902142004632135
21,canadaojp_2016_01_01_105959.jpg,0.6180023760296721,0.993432562486597
22,canadaojp_2016_01_01_113000.jpg,0.6449398921718565,0.9874043961366282
23,canadaojp_2016_01_01_115959.jpg,0.7755152054822945,0.9878886944060377
24,canadaojp_2016_01_01_123000.jpg,0.7808651768608557,0.9937301225903487
25,canadaojp_2016_01_01_125959.jpg,0.7388532432724793,0.9989247838877952
26,canadaojp_2016_01_01_132959.jpg,0.7328254452792804,0.9935203704907176
27,canadaojp_2016_01_01_135959.jpg,0.5061000376543388,0.9915599586045387
28,canadaojp_2016_01_01_142959.jpg,0.48941556572851413,0.9942093500801714
29,canadaojp_2016_01_01_145959.jpg,0.49491457825828816,0.9981645708132718
30,canadaojp_2016_01_01_152959.jpg,0.48363148959040025,0.9983500553916853
31,canadaojp_2016_01_01_155959.jpg,0.47627281860976145,0.995960663459023
32,canadaojp_2016_01_01_162959.jpg,0.49049593641710315,0.9703466475729272
33,canadaojp_2016_01_01_170000.jpg,0.6409640732692179,0.8297320725235553
34,canadaojp_2016_01_01_172959.jpg,0.45494095021681435,0.9199704853043406
35,canadaojp_2016_01_01_180000.jpg,0.8209551065148142,0.8002653518124765
36,canadaojp_2016_01_01_182959.jpg,0.9836578179918347,0.9970326581208312
37,canadaojp_2016_01_01_190000.jpg,0.9730534156682851,0.9906375966691601
38,canadaojp_2016_01_01_192959.jpg,0.9824113824069702,0.9964610282978567
39,canadaojp_2016_01_01_195959.jpg,0.9872434876980924,0.9985748416381146
40,canadaojp_2016_01_01_202959.jpg,0.9827437360092888,0.9966267092366827
41,canadaojp_2016_01_01_205959.jpg,0.986928248719471,0.9985836072034344
42,canadaojp_2016_01_01_212959.jpg,0.9891348851635868,0.9992943296825207
43,canadaojp_2016_01_01_215959.jpg,0.9809255759105997,0.9958863569205436
44,canadaojp_2016_01_01_222959.jpg,0.9826909464049949,0.9964687154703495
45,canadaojp_2016_01_01_225959.jpg,0.9886913478854067,0.9907238901597537
46,canadaojp_2016_01_01_233000.jpg,0.986181833723804,0.9981959888066233
47,canadaojp_2016_01_01_235959.jpg,0.983229226222105,0.9968749974409639
48,canadaojp_2016_01_02_003000.jpg,0.9765829615486534,0.9928144533910414
49,canadaojp_2016_01_02_005959.jpg,0.9730820098913349,0.9909508081980885
50,canadaojp_2016_01_02_013000.jpg,0.9864972714351843,0.9981959888066233
51,canadaojp_2016_01_02_015959.jpg,0.9759512240168375,0.9923177918089641
52,canadaojp_2016_01_02_022959.jpg,0.9764329256942115,0.9931677160423932
53,canadaojp_2016_01_02_025959.jpg,0.9768931455870697,0.9938047033656958
54,canadaojp_2016_01_02_032959.jpg,0.9770416828192523,0.9933177361186305
55,canadaojp_2016_01_02_035959.jpg,0.9679943476910502,0.9868540599799656
56,canadaojp_2016_01_02_042959.jpg,0.9881211009735437,0.9990781500753304
57,canadaojp_2016_01_02_045959.jpg,0.9778758204764435,0.9941084816127295
58,canadaojp_2016_01_02_052959.jpg,0.9919886838095049,0.9999726488722501
59,canadaojp_2016_01_02_060000.jpg,0.9908859395032615,0.9998905934147395
60,canadaojp_2016_01_02_062959.jpg,0.9878623223577658,0.9992599524175237
61,canadaojp_2016_01_02_070000.jpg,0.987943344053194,0.9990918257081531
62,canadaojp_2016_01_02_072959.jpg,0.9881623860565596,0.9991034662866289
63,canadaojp_2016_01_02_080000.jpg,0.9369722736381233,0.9993820036152021
64,canadaojp_2016_01_02_082959.jpg,0.8003552483033962,0.8641384715361105
65,canadaojp_2016_01_02_085959.jpg,0.6727495669135803,0.7289149481080688
66,canadaojp_2016_01_02_092959.jpg,0.6847982707937131,0.8356471776060417
67,canadaojp_2016_01_02_095959.jpg,0.5296678325985603,0.9715671174276214
68,canadaojp_2016_01_02_102959.jpg,0.5866128893982296,0.9841651313495018
69,canadaojp_2016_01_02_105959.jpg,0.6349815636706897,0.9938950243719464
70,canadaojp_2016_01_02_113000.jpg,0.6606254719227203,0.9899587540542156
71,canadaojp_2016_01_02_115959.jpg,0.7980020272420301,0.9883144156633898
72,canadaojp_2016_01_02_123000.jpg,0.8171530852076558,0.9937608264686792
73,canadaojp_2016_01_02_125959.jpg,0.8143187525107556,0.9978113361898395
74,canadaojp_2016_01_02_133000.jpg,0.8155627937750656,0.9926899149313013
75,canadaojp_2016_01_02_135959.jpg,0.7045743262322648,0.9965382837209592
76,canadaojp_2016_01_02_143000.jpg,0.5512786448473279,0.99554616107592
77,canadaojp_2016_01_02_145959.jpg,0.5057775612734245,0.9962937273889496
78,canadaojp_2016_01_02_152959.jpg,0.4845256101911676,0.9923495342730315
79,canadaojp_2016_01_02_155959.jpg,0.7878940788714284,0.9906914209866837
80,canadaojp_2016_01_02_162959.jpg,0.6253589646849284,0.9698252882807346
81,canadaojp_2016_01_02_165959.jpg,0.6612822826667041,0.7235095295600502
82,canadaojp_2016_01_02_172959.jpg,0.45351888340271673,0.9197635707249339
83,canadaojp_2016_01_02_180000.jpg,0.7761888510045426,0.7442383235808818
84,canadaojp_2016_01_02_182959.jpg,0.978011438693448,0.9939836756812497
85,canadaojp_2016_01_02_190000.jpg,0.9873826183043637,0.9986063674644748
86,canadaojp_2016_01_02_192959.jpg,0.9868364015165366,0.9984319347000818
87,canadaojp_2016_01_02_200000.jpg,0.9884854100242241,0.9903062684862038
88,canadaojp_2016_01_02_202959.jpg,0.9836328436995838,0.9971123866882707
89,canadaojp_2016_01_02_210000.jpg,0.9859502313855035,0.9983532028368316
90,canadaojp_2016_01_02_212959.jpg,0.9763627422625631,0.9929563976110232
91,canadaojp_2016_01_02_215959.jpg,0.9885469244326532,0.9915337623201816
92,canadaojp_2016_01_02_222959.jpg,0.9811811727317503,0.9957424594541762
93,canadaojp_2016_01_02_225959.jpg,0.9834477136062492,0.9966222024900477
94,canadaojp_2016_01_02_232959.jpg,0.9788004389636682,0.9945258706744777
95,canadaojp_2016_01_02_235959.jpg,0.9894397084711766,0.999322856826784
96,canadaojp_2016_01_03_003000.jpg,0.9847282218139166,0.9932115114350047
97,canadaojp_2016_01_03_005959.jpg,0.9867866192621444,0.9985027430017825
98,canadaojp_2016_01_03_013000.jpg,0.9766993193888396,0.9928111609560255
99,canadaojp_2016_01_03_015959.jpg,0.9880205354934097,0.998629899771412
100,canadaojp_2016_01_03_023000.jpg,0.9839587533039449,0.9973702922962164
101,canadaojp_2016_01_03_025959.jpg,0.9759056520828033,0.9926799497010823
102,canadaojp_2016_01_03_033000.jpg,0.9814438980964638,0.9960927038632685
103,canadaojp_2016_01_03_035959.jpg,0.9846946974814403,0.9976431705063664
104,canadaojp_2016_01_03_042959.jpg,0.9873887029055153,0.9986480112352502
105,canadaojp_2016_01_03_045959.jpg,0.9845737022602229,0.9975449173277248
106,canadaojp_2016_01_03_052959.jpg,0.9775251431894662,0.9938382708768294
107,canadaojp_2016_01_03_055959.jpg,0.9794908756658435,0.9950305269458366
108,canadaojp_2016_01_03_062959.jpg,0.9755752185866706,0.9926755185199614
109,canadaojp_2016_01_03_070000.jpg,0.981067789831731,0.9961546924403706
110,canadaojp_2016_01_03_072959.jpg,0.9802446013116148,0.9955763188187923
111,canadaojp_2016_01_03_080000.jpg,0.9106323971205899,0.9997865024047641
112,canadaojp_2016_01_03_082959.jpg,0.776933463945966,0.8672905133895294
113,canadaojp_2016_01_03_090000.jpg,0.63477668010434,0.8695764056049431
114,canadaojp_2016_01_03_092959.jpg,0.6604087549636329,0.8961981416164915
115,canadaojp_2016_01_03_100000.jpg,0.5842477927446619,0.9710656525526673
116,canadaojp_2016_01_03_102959.jpg,0.6640517331403327,0.9846948759357934
117,canadaojp_2016_01_03_105959.jpg,0.694266957550876,0.990366132117064
118,canadaojp_2016_01_03_112959.jpg,0.6754004650554407,0.9925910700155904
119,canadaojp_2016_01_03_115959.jpg,0.7947406433331268,0.9880281445500246
120,canadaojp_2016_01_03_122959.jpg,0.8181448437970249,0.9956585097226125
121,canadaojp_2016_01_03_125959.jpg,0.8249380260802518,0.9998568578097535
122,canadaojp_2016_01_03_133000.jpg,0.8448271845161087,0.9952958779593972
123,canadaojp_2016_01_03_135959.jpg,0.7569764800338316,0.9960991673707094
124,canadaojp_2016_01_03_143000.jpg,0.6322127869305135,0.994436485311048
125,canadaojp_2016_01_03_145959.jpg,0.5228237389692935,0.9958664271368779
126,canadaojp_2016_01_03_153000.jpg,0.47458913707281025,0.9926733024240325
127,canadaojp_2016_01_03_155959.jpg,0.7493298797854333,0.9907625287860524
128,canadaojp_2016_01_03_163000.jpg,0.5545780617117009,0.971727431155107
129,canadaojp_2016_01_03_165959.jpg,0.6678822824367474,0.7057083444107538
130,canadaojp_2016_01_03_172959.jpg,0.4543333579264917,0.8588841813863818
131,canadaojp_2016_01_03_175959.jpg,0.7659109794248709,0.8020352221831668
132,canadaojp_2016_01_03_182959.jpg,0.9702287263811411,0.9887585896779377
133,canadaojp_2016_01_03_185959.jpg,0.984924593517577,0.9977375703450229
134,canadaojp_2016_01_03_192959.jpg,0.9871011260819368,0.9986904256752307
135,canadaojp_2016_01_03_200000.jpg,0.988459826963,0.9904042453463618
136,canadaojp_2016_01_03_202959.jpg,0.9658791934532128,0.9851459877614548
137,canadaojp_2016_01_03_210000.jpg,0.9818264301666709,0.9963110244535148
138,canadaojp_2016_01_03_212959.jpg,0.9756669524298831,0.9927968849795097
139,canadaojp_2016_01_03_220000.jpg,0.9800716987711882,0.9952692267416019
140,canadaojp_2016_01_03_222959.jpg,0.9817223700167146,0.9962748116038149
141,canadaojp_2016_01_03_225959.jpg,0.9818352101949006,0.9963212263810699
142,canadaojp_2016_01_03_232959.jpg,0.9777284228578799,0.9938626260932772
143,canadaojp_2016_01_03_235959.jpg,0.9749229943932785,0.9922563876228683
144,canadaojp_2016_01_04_002959.jpg,0.976396176175594,0.993005200616089
145,canadaojp_2016_01_04_005959.jpg,0.9847750934687463,0.997706731051996
146,canadaojp_2016_01_04_012959.jpg,0.9835981251846475,0.9971958207361933
147,canadaojp_2016_01_04_015959.jpg,0.9862403842634088,0.9984139767409853
148,canadaojp_2016_01_04_023000.jpg,0.9806606807111131,0.9955245569124195
149,canadaojp_2016_01_04_025959.jpg,0.9889910629944766,0.9907849268731603
150,canadaojp_2016_01_04_033000.jpg,0.9894563914633898,0.9917974069491416
151,canadaojp_2016_01_04_035959.jpg,0.9861563378183206,0.9982811220062149
152,canadaojp_2016_01_04_043000.jpg,0.9833736464718624,0.9969923858425644
153,canadaojp_2016_01_04_045959.jpg,0.9792395840592925,0.9946221220477187
154,canadaojp_2016_01_04_052959.jpg,0.9826638065178073,0.9965329569480824
155,canadaojp_2016_01_04_055959.jpg,0.9820816318790127,0.9965920804465842
156,canadaojp_2016_01_04_062959.jpg,0.9893113641282296,0.9993710385632611
157,canadaojp_2016_01_04_065959.jpg,0.9820932545661882,0.9964756267620438
158,canadaojp_2016_01_04_072959.jpg,0.9863950626658701,0.9981545929210649
159,canadaojp_2016_01_04_075959.jpg,0.984177823805819,0.9974433473902347
160,canadaojp_2016_01_04_082959.jpg,0.7630492770244948,0.9604003242829922
161,canadaojp_2016_01_04_090000.jpg,0.7295361671365876,0.9291240708637067
162,canadaojp_2016_01_04_092959.jpg,0.7626749666226749,0.6955927012805567
163,canadaojp_2016_01_04_100000.jpg,0.7499012487675301,0.6908915946365304
164,canadaojp_2016_01_04_102959.jpg,0.6943950949270059,0.6731363535407372
165,canadaojp_2016_01_04_110000.jpg,0.7222480526016479,0.6764562616765156
166,canadaojp_2016_01_04_112959.jpg,0.7118863713760835,0.683616109259369
167,canadaojp_2016_01_04_115959.jpg,0.7101556435946516,0.6837894350214813
168,canadaojp_2016_01_04_122959.jpg,0.48910375813750884,0.9961715121625645
169,canadaojp_2016_01_04_125959.jpg,0.6538568364774858,0.9601105380703177
170,canadaojp_2016_01_04_132959.jpg,0.47015407417937993,0.9970093757448089
171,canadaojp_2016_01_04_135959.jpg,0.7629802003909174,0.997286788772234
172,canadaojp_2016_01_04_142959.jpg,0.8011239743399226,0.9956933765093957
173,canadaojp_2016_01_04_145959.jpg,0.7577822312727208,0.9976582042200689
174,canadaojp_2016_01_04_153000.jpg,0.7458668901396857,0.9978179814599568
175,canadaojp_2016_01_04_155959.jpg,0.7157082773805122,0.99013328153082
176,canadaojp_2016_01_04_163000.jpg,0.48210557599652265,0.9685884119938564
177,canadaojp_2016_01_04_165959.jpg,0.673524503684582,0.6945045009130159
178,canadaojp_2016_01_04_173000.jpg,0.48286407758255157,0.7571483279048344
179,canadaojp_2016_01_04_175959.jpg,0.7582777203452662,0.8194395311020464
180,canadaojp_2016_01_04_182959.jpg,0.9781450265434214,0.9940527309728812
181,canadaojp_2016_01_04_185959.jpg,0.984452225477841,0.9972435288268733
182,canadaojp_2016_01_04_192959.jpg,0.979024529337748,0.9945736269761078
183,canadaojp_2016_01_04_195959.jpg,0.9719407693173022,0.990011921602973
184,canadaojp_2016_01_04_202959.jpg,0.9773176501848682,0.9935785793702796
185,canadaojp_2016_01_04_210000.jpg,0.9890534651619738,0.9908692949416373
186,canadaojp_2016_01_04_212959.jpg,0.9864808937669339,0.9982617830494347
187,canadaojp_2016_01_04_220000.jpg,0.9821135850811451,0.9962913655556775
188,canadaojp_2016_01_04_222959.jpg,0.987220224431346,0.9986039549314579
189,canadaojp_2016_01_04_230000.jpg,0.9848952862699213,0.9976022122451459
190,canadaojp_2016_01_04_232959.jpg,0.9701835680805364,0.9882329803240385
191,canadaojp_2016_01_05_000000.jpg,0.9858562726291529,0.9982167832669473
192,canadaojp_2016_01_05_002959.jpg,0.9826094621827712,0.996704347054485
193,canadaojp_2016_01_05_005959.jpg,0.9816106482510097,0.9960627403537794
194,canadaojp_2016_01_05_012959.jpg,0.9810842218726383,0.996034290865839
195,canadaojp_2016_01_05_015959.jpg,0.9818161840848504,0.996281122229097
196,canadaojp_2016_01_05_022959.jpg,0.9751911040633914,0.9920591657997895
197,canadaojp_2016_01_05_025959.jpg,0.9776845938770712,0.9937516232528448
198,canadaojp_2016_01_05_033000.jpg,0.9860656357150398,0.9982336577788801
199,canadaojp_2016_01_05_035959.jpg,0.9802415477297635,0.9957702600268936
200,canadaojp_2016_01_05_043000.jpg,0.9844603389135504,0.997471370972744
201,canadaojp_2016_01_05_045959.jpg,0.986141028885662,0.9982896823314045
202,canadaojp_2016_01_05_053000.jpg,0.9882012456220142,0.9990964909552535
203,canadaojp_2016_01_05_055959.jpg,0.9789268356833842,0.994522041097336
204,canadaojp_2016_01_05_063000.jpg,0.9880619965746615,0.9990195956691211
205,canadaojp_2016_01_05_065959.jpg,0.9909200006365149,0.9931516579867047
206,canadaojp_2016_01_05_072959.jpg,0.9785178298653598,0.9945650463412328
207,canadaojp_2016_01_05_075959.jpg,0.9564921432421394,0.9983237096892994
208,canadaojp_2016_01_05_082959.jpg,0.7259135297503186,0.896569309241523
209,canadaojp_2016_01_05_085959.jpg,0.6677327524778904,0.722523692969905
210,canadaojp_2016_01_05_092959.jpg,0.6596856984605785,0.8480416307838264
211,canadaojp_2016_01_05_100000.jpg,0.5185461797017146,0.9727248434696836
212,canadaojp_2016_01_05_102959.jpg,0.6151136065191838,0.9844643348929374
213,canadaojp_2016_01_05_110000.jpg,0.6253744125991323,0.9933684250487131
214,canadaojp_2016_01_05_112959.jpg,0.6083826329772803,0.99223244184984
215,canadaojp_2016_01_05_120000.jpg,0.7340378192257542,0.9911102889968209
216,canadaojp_2016_01_05_122959.jpg,0.8142688905866862,0.9962550563293
217,canadaojp_2016_01_05_130000.jpg,0.7916245857100119,0.9993015166738006
218,canadaojp_2016_01_05_132959.jpg,0.7357084886169282,0.9941560580610097
219,canadaojp_2016_01_05_135959.jpg,0.7315723765928017,0.9977400284556015
220,canadaojp_2016_01_05_142959.jpg,0.7813317788081402,0.9960716604118565
221,canadaojp_2016_01_05_145959.jpg,0.660148572809835,0.9967678632609677
222,canadaojp_2016_01_05_152959.jpg,0.779891651346164,0.996948986119361
223,canadaojp_2016_01_05_155959.jpg,0.5583028124204567,0.9965716722978084
224,canadaojp_2016_01_05_163000.jpg,0.6642095310305166,0.6883233201274856
225,canadaojp_2016_01_05_165959.jpg,0.6799934035027093,0.6928958494075687
226,canadaojp_2016_01_05_173000.jpg,0.5844972114817346,0.6974730042767396
227,canadaojp_2016_01_05_175959.jpg,0.9018500386791759,0.9511043322706589
228,canadaojp_2016_01_05_183000.jpg,0.9847188387455602,0.9976644540476097
229,canadaojp_2016_01_05_185959.jpg,0.9743283384035937,0.9913118599050257
230,canadaojp_2016_01_05_193000.jpg,0.9858756050365919,0.9980851204005474
231,canadaojp_2016_01_05_195959.jpg,0.9814690331256479,0.996034290865839
232,canadaojp_2016_01_05_202959.jpg,0.9769806764341711,0.9934681753358299
233,canadaojp_2016_01_05_205959.jpg,0.983500715387612,0.996892316900534
234,canadaojp_2016_01_05_212959.jpg,0.9707250265045542,0.9891198564558934
235,canadaojp_2016_01_05_215959.jpg,0.9860835443072691,0.9979982070103799
236,canadaojp_2016_01_05_222959.jpg,0.9817868934507281,0.9960765216227186
237,canadaojp_2016_01_05_230000.jpg,0.9835438900026674,0.9968793318276008
238,canadaojp_2016_01_05_232959.jpg,0.9866316916125719,0.9985027430017825
239,canadaojp_2016_01_06_000000.jpg,0.9847255412344402,0.9977473947582762
240,canadaojp_2016_01_06_002959.jpg,0.9817120942703332,0.9964664101983394
241,canadaojp_2016_01_06_010000.jpg,0.9828931000082937,0.9967472515729319
242,canadaojp_2016_01_06_012959.jpg,0.9774925313824986,0.9936458124396484
243,canadaojp_2016_01_06_020000.jpg,0.983854161217466,0.9971608037311132
244,canadaojp_2016_01_06_022959.jpg,0.9824861544859034,0.9969346888829647
245,canadaojp_2016_01_06_025959.jpg,0.9896169754997931,0.9994411979482223
246,canadaojp_2016_01_06_032959.jpg,0.9815811904759949,0.9959499722576314
247,canadaojp_2016_01_06_035959.jpg,0.9901171253399301,0.9924735972554306
248,canadaojp_2016_01_06_042959.jpg,0.9802858012491455,0.9952745630276092
249,canadaojp_2016_01_06_045959.jpg,0.9902287217060957,0.9924904359447744
250,canadaojp_2016_01_06_053000.jpg,0.984449520523575,0.9974263278462299
251,canadaojp_2016_01_06_055959.jpg,0.9879373958954571,0.9989487926151597
252,canadaojp_2016_01_06_063000.jpg,0.9893527427395521,0.9993925539162378
253,canadaojp_2016_01_06_065959.jpg,0.9868811244730968,0.998558701136434
254,canadaojp_2016_01_06_073000.jpg,0.9891156886143029,0.9911200566008838
255,canadaojp_2016_01_06_075959.jpg,0.9860605168386269,0.9983258250336882
256,canadaojp_2016_01_06_082959.jpg,0.975322899782455,0.9950705682412515
257,canadaojp_2016_01_06_085959.jpg,0.7874358105734315,0.9057314260464179
258,canadaojp_2016_01_06_092959.jpg,0.8075478539222776,0.9205745541935507
259,canadaojp_2016_01_06_095959.jpg,0.7988439396048455,0.9216899696908909
260,canadaojp_2016_01_06_102959.jpg,0.7940370342700136,0.9240823661139685
261,canadaojp_2016_01_06_105959.jpg,0.809997294637316,0.9238152251519129
262,canadaojp_2016_01_06_112959.jpg,0.7951051174324335,0.9131455421227184
263,canadaojp_2016_01_06_120000.jpg,0.7622310913824353,0.9066356536208156
264,canadaojp_2016_01_06_122959.jpg,0.7317462866130185,0.8970731187339368
265,canadaojp_2016_01_06_130000.jpg,0.7326457729547831,0.9087247094299352
266,canadaojp_2016_01_06_132959.jpg,0.7004585706912475,0.924075053786541
267,canadaojp_2016_01_06_140000.jpg,0.7740356448768648,0.9237822556426079
268,canadaojp_2016_01_06_142959.jpg,0.7210342932676661,0.9330633370836621
269,canadaojp_2016_01_06_145959.jpg,0.7677806316558321,0.951724009484164
270,canadaojp_2016_01_06_152959.jpg,0.7706472769595081,0.9503693715965955
271,canadaojp_2016_01_06_155959.jpg,0.8035485962100761,0.9666615871398223
272,canadaojp_2016_01_06_162959.jpg,0.8372850987626546,0.9587038954452288
273,canadaojp_2016_01_06_165959.jpg,0.8268360582739063,0.9733519904587458
274,canadaojp_2016_01_06_172959.jpg,0.7993241100902535,0.9653654914013732
275,canadaojp_2016_01_06_175959.jpg,0.9987057048372797,0.9962960884679805
276,canadaojp_2016_01_06_183000.jpg,0.9900416531490612,0.9923450036801668
277,canadaojp_2016_01_06_185959.jpg,0.9887855879975699,0.9908234372165425
278,canadaojp_2016_01_06_193000.jpg,0.9828192113933927,0.996696921246903
279,canadaojp_2016_01_06_195959.jpg,0.9789615275399988,0.9943823113343069
280,canadaojp_2016_01_06_203000.jpg,0.9864771128820093,0.9983358546599448
281,canadaojp_2016_01_06_205959.jpg,0.9728707638117493,0.9907488275958685
282,canadaojp_2016_01_06_212959.jpg,0.9870666435087951,0.9986169577997448
283,canadaojp_2016_01_06_215959.jpg,0.9863710314363988,0.9985286261494434
284,canadaojp_2016_01_06_222959.jpg,0.9904890955281269,0.9928692157299965
285,canadaojp_2016_01_06_225959.jpg,0.9867616925748941,0.9985216798329162
286,canadaojp_2016_01_06_232959.jpg,0.9815694006792994,0.9962328682354413
287,canadaojp_2016_01_06_235959.jpg,0.9858227314918742,0.998362627122272
288,canadaojp_2016_01_07_002959.jpg,0.991781113941097,0.9937894151319425
289,canadaojp_2016_01_07_010000.jpg,0.9816797800254571,0.9959227694155184
290,canadaojp_2016_01_07_012959.jpg,0.985330562435081,0.9979528567846827
291,canadaojp_2016_01_07_020000.jpg,0.9904394206485204,0.9923223304915898
292,canadaojp_2016_01_07_022959.jpg,0.9800225964214823,0.9952282148406117
293,canadaojp_2016_01_07_030000.jpg,0.9701025720536507,0.9884806060746929
294,canadaojp_2016_01_07_032959.jpg,0.9824200181836046,0.9966879992217961
295,canadaojp_2016_01_07_035959.jpg,0.987044451613405,0.9985806883557238
296,canadaojp_2016_01_07_042959.jpg,0.9805245074076231,0.9954314986114351
297,canadaojp_2016_01_07_045959.jpg,0.982117940098767,0.9964571815696759
298,canadaojp_2016_01_07_052959.jpg,0.9752750153904225,0.9924881918814538
299,canadaojp_2016_01_07_055959.jpg,0.9908311009605101,0.9929997864791227
300,canadaojp_2016_01_07_062959.jpg,0.9832081414352981,0.996943985896291
301,canadaojp_2016_01_07_065959.jpg,0.9791690696584108,0.9950177524495626
302,canadaojp_2016_01_07_073000.jpg,0.9868102776564301,0.9986020234013971
303,canadaojp_2016_01_07_075959.jpg,0.9836494953708161,0.997184172590848
304,canadaojp_2016_01_07_083000.jpg,0.9890557309640813,0.9997785036663592
305,canadaojp_2016_01_07_085959.jpg,0.8129747758813399,0.9891940913526243
306,canadaojp_2016_01_07_093000.jpg,0.479626631735986,0.9982746877220032
307,canadaojp_2016_01_07_095959.jpg,0.48241105778920734,0.9986294215250631
308,canadaojp_2016_01_07_102959.jpg,0.47614346551525755,0.9997658346425
309,canadaojp_2016_01_07_105959.jpg,0.7543730359759913,0.8217216651411763
310,canadaojp_2016_01_07_112959.jpg,0.9088411299589827,0.8024685231259026
311,canadaojp_2016_01_07_115959.jpg,0.9429961876180377,0.8195158705983632
312,canadaojp_2016_01_07_122959.jpg,0.917413755551155,0.9917103844889904
313,canadaojp_2016_01_07_130000.jpg,0.9247137748567171,0.9969282441998739
314,canadaojp_2016_01_07_132959.jpg,0.9729943912261847,0.9966842781516015
315,canadaojp_2016_01_07_140000.jpg,0.9220963472109117,0.999132999886317
316,canadaojp_2016_01_07_142959.jpg,0.9555501089307757,0.9976381485616355
317,canadaojp_2016_01_07_150000.jpg,0.9302987267849189,0.9971697503087331
318,canadaojp_2016_01_07_152959.jpg,0.9384695909051555,0.9930775469929352
319,canadaojp_2016_01_07_160000.jpg,0.9335913013746455,0.9935547040774386
320,canadaojp_2016_01_07_162959.jpg,0.9083523750878271,0.9951933047692698
321,canadaojp_2016_01_07_165959.jpg,0.8936249550186315,0.9935598981440598
322,canadaojp_2016_01_07_172959.jpg,0.8772940824065003,0.9761175234432385
323,canadaojp_2016_01_07_175959.jpg,0.9885353306520162,0.9825743893307722
324,canadaojp_2016_01_07_182959.jpg,0.9811096026257113,0.9960408026599532
325,canadaojp_2016_01_07_185959.jpg,0.983538322299732,0.9968314877726302
326,canadaojp_2016_01_07_193000.jpg,0.9872875068300628,0.998680589488571
327,canadaojp_2016_01_07_195959.jpg,0.9901483077063955,0.9924646088699685
328,canadaojp_2016_01_07_203000.jpg,0.9843302670520124,0.9974479199111348
329,canadaojp_2016_01_07_205959.jpg,0.9912317711711193,0.993375800985775
330,canadaojp_2016_01_07_213000.jpg,0.9850521431347075,0.9977449406622236
331,canadaojp_2016_01_07_215959.jpg,0.9849778057391265,0.9977736917782195
332,canadaojp_2016_01_07_223000.jpg,0.9883770682291382,0.9990488991989097
333,canadaojp_2016_01_07_225959.jpg,0.9852977124652973,0.9979429052459418
334,canadaojp_2016_01_07_232959.jpg,0.9802125267687254,0.9953056311482491
335,canadaojp_2016_01_07_235959.jpg,0.9879254951420817,0.9989154448015021
336,canadaojp_2016_01_08_002959.jpg,0.9851619790621324,0.9977197090229639
337,canadaojp_2016_01_08_005959.jpg,0.988169456223403,0.9990260564303839
338,canadaojp_2016_01_08_012959.jpg,0.9774305027743337,0.9939101814248802
339,canadaojp_2016_01_08_020000.jpg,0.9892564409906315,0.9992833073059684
340,canadaojp_2016_01_08_022959.jpg,0.9886717605623825,0.9992233179375397
341,canadaojp_2016_01_08_030000.jpg,0.9848686183589903,0.9977227935795174
342,canadaojp_2016_01_08_032959.jpg,0.9904298935786541,0.9926455727974987
343,canadaojp_2016_01_08_040000.jpg,0.9870493848045812,0.9985518261659317
344,canadaojp_2016_01_08_042959.jpg,0.9815517088197481,0.9961072392105637
345,canadaojp_2016_01_08_050000.jpg,0.9842459710188138,0.9975634530170471
346,canadaojp_2016_01_08_052959.jpg,0.9824918995058467,0.996549684411255
347,canadaojp_2016_01_08_055959.jpg,0.9784811743734592,0.9944239326940536
348,canadaojp_2016_01_08_062959.jpg,0.989493047282207,0.9916015503635145
349,canadaojp_2016_01_08_065959.jpg,0.9901257323272522,0.9921248004561736
350,canadaojp_2016_01_08_072959.jpg,0.9922107775191713,0.9939323775474318
351,canadaojp_2016_01_08_075959.jpg,0.9942608804096877,0.9965375230047343
352,canadaojp_2016_01_08_083000.jpg,0.9622265795660564,0.9996798838161624
353,canadaojp_2016_01_08_085959.jpg,0.8859771816985003,0.9882146884631513
354,canadaojp_2016_01_08_093000.jpg,0.8871472535495073,0.9892814934129291
355,canadaojp_2016_01_08_095959.jpg,0.8762482186941078,0.9919735472859901
356,canadaojp_2016_01_08_103000.jpg,0.9257952146001194,0.9925810373148649
357,canadaojp_2016_01_08_105959.jpg,0.9181592343887336,0.9923721670135698
358,canadaojp_2016_01_08_113000.jpg,0.9150747593164008,0.9960163557663878
359,canadaojp_2016_01_08_115959.jpg,0.93459780419894,0.9937965519957288
360,canadaojp_2016_01_08_122959.jpg,0.9348291470278427,0.9959277221783845
361,canadaojp_2016_01_08_125959.jpg,0.9547819902191025,0.995310946789518
362,canadaojp_2016_01_08_132959.jpg,0.9476275625183934,0.9959442095877695
363,canadaojp_2016_01_08_135959.jpg,0.9605245727437639,0.9939182574507648
364,canadaojp_2016_01_08_142959.jpg,0.9683233198856509,0.9950968702362029
365,canadaojp_2016_01_08_150000.jpg,0.9545556046454071,0.996713246967704
366,canadaojp_2016_01_08_152959.jpg,0.917483996093559,0.995357770415485
367,canadaojp_2016_01_08_160000.jpg,0.9584767349917338,0.9953542447806654
368,canadaojp_2016_01_08_162959.jpg,0.9260303969685446,0.9972122239966117
369,canadaojp_2016_01_08_170000.jpg,0.949427060685803,0.99274956304674
370,canadaojp_2016_01_08_172959.jpg,0.9270449732285961,0.980672307862442
371,canadaojp_2016_01_08_180000.jpg,0.981911213775737,0.9895733395923691
372,canadaojp_2016_01_08_182959.jpg,0.9922669995161908,0.9999755396622543
373,canadaojp_2016_01_08_185959.jpg,0.9826552315562528,0.9967110231201068
374,canadaojp_2016_01_08_192959.jpg,0.984721519919431,0.9976098003711131
375,canadaojp_2016_01_08_195959.jpg,0.9830615849618476,0.9969653865376453
376,canadaojp_2016_01_08_202959.jpg,0.989551784191093,0.9917398356252786
377,canadaojp_2016_01_08_205959.jpg,0.9883723968952721,0.9905949273380517
378,canadaojp_2016_01_08_213000.jpg,0.9836453332566621,0.9971903422692372
379,canadaojp_2016_01_08_215959.jpg,0.9883688927739472,0.9989832675825305
380,canadaojp_2016_01_08_223000.jpg,0.9851936625723414,0.9978010463234436
381,canadaojp_2016_01_08_225959.jpg,0.9841395964097183,0.9972672290828595
382,canadaojp_2016_01_08_233000.jpg,0.9867803898128935,0.9984191180310795
383,canadaojp_2016_01_08_235959.jpg,0.9896841606235346,0.9922689158139273
384,canadaojp_2016_01_09_002959.jpg,0.9922955084539313,0.9942004850972181
385,canadaojp_2016_01_09_005959.jpg,0.9905249493578616,0.992916142972244
386,canadaojp_2016_01_09_012959.jpg,0.9917487163585414,0.9938585702541315
387,canadaojp_2016_01_09_015959.jpg,0.9832938026675777,0.996825663706117
388,canadaojp_2016_01_09_022959.jpg,0.9814616422614086,0.9961755114100698
389,canadaojp_2016_01_09_025959.jpg,0.9861614388976272,0.9980862511234689
390,canadaojp_2016_01_09_032959.jpg,0.9832797750309117,0.9968807759532547
391,canadaojp_2016_01_09_040000.jpg,0.9909323705931625,0.9932795921829357
392,canadaojp_2016_01_09_042959.jpg,0.9911433985528242,0.993711663930494
393,canadaojp_2016_01_09_050000.jpg,0.9877630573869391,0.9989073467037998
394,canadaojp_2016_01_09_052959.jpg,0.9806395300029066,0.9957382392787331
395,canadaojp_2016_01_09_060000.jpg,0.9745041780772992,0.9918067871209476
396,canadaojp_2016_01_09_062959.jpg,0.9799395972683048,0.9952201700009337
397,canadaojp_2016_01_09_065959.jpg,0.9855373157308295,0.9982135079549606
398,canadaojp_2016_01_09_072959.jpg,0.9762958022611343,0.9928823273663396
399,canadaojp_2016_01_09_075959.jpg,0.9986519649693002,0.9999186414065301
400,canadaojp_2016_01_09_082959.jpg,0.9685906593194757,0.9998295559434692
401,canadaojp_2016_01_09_085959.jpg,0.9073333260841298,0.9920383821644434
402,canadaojp_2016_01_09_092959.jpg,0.9080652141594259,0.9937311472724544
403,canadaojp_2016_01_09_095959.jpg,0.8985143795310113,0.9960228823155475
404,canadaojp_2016_01_09_103000.jpg,0.8140094841343589,0.9962598023722464
405,canadaojp_2016_01_09_105959.jpg,0.7583476222287708,0.9937516232528448
406,canadaojp_2016_01_09_113000.jpg,0.7567777124195656,0.974577768129568
407,canadaojp_2016_01_09_115959.jpg,0.7210279297709419,0.9776920577302436
408,canadaojp_2016_01_09_123000.jpg,0.9353017766351491,0.9079852796141077
409,canadaojp_2016_01_09_125959.jpg,0.8659649727103627,0.9137725761332958
410,canadaojp_2016_01_09_132959.jpg,0.8819327258455645,0.8876474110719426
411,canadaojp_2016_01_09_135959.jpg,0.939788662110555,0.8895638808782069
412,canadaojp_2016_01_09_142959.jpg,0.6468127039179905,0.918200779503099
413,canadaojp_2016_01_09_145959.jpg,0.9365005000281028,0.8904731676530522
414,canadaojp_2016_01_09_152959.jpg,0.8898594073637783,0.8750882003060074
415,canadaojp_2016_01_09_155959.jpg,0.84624607678092,0.8341291678974425
416,canadaojp_2016_01_09_162959.jpg,0.7182767700532231,0.7666356879898946
417,canadaojp_2016_01_09_170000.jpg,0.5360924280328807,0.9941550688603265
418,canadaojp_2016_01_09_172959.jpg,0.7934169016193037,0.9739653994436126
419,canadaojp_2016_01_09_180000.jpg,0.9282509438290372,0.8201552191267794
420,canadaojp_2016_01_09_182959.jpg,0.9855933274407803,0.9978814991408063
421,canadaojp_2016_01_09_190000.jpg,0.9846423253386611,0.9975908074700457
422,canadaojp_2016_01_09_192959.jpg,0.9844170425198646,0.9977178572853693
423,canadaojp_2016_01_09_195959.jpg,0.9835369302251519,0.9970719589824806
424,canadaojp_2016_01_10_212959.jpg,0.9816297829989291,0.9961490776519126
425,canadaojp_2016_01_10_215959.jpg,0.9860541169082322,0.9980720930529201
426,canadaojp_2016_01_10_222959.jpg,0.9858601401788374,0.9981473698226018
427,canadaojp_2016_01_10_225959.jpg,0.9768766114020337,0.9934388541746069
428,canadaojp_2016_01_10_232959.jpg,0.9897127301447669,0.9994506225382856
429,canadaojp_2016_01_10_235959.jpg,0.983673070564458,0.9969554089491648
430,canadaojp_2016_01_11_003000.jpg,0.9908342094487946,0.9927627848318872
431,canadaojp_2016_01_11_005959.jpg,0.991783075371015,0.9938565418300236
432,canadaojp_2016_01_11_013000.jpg,0.9831053374717224,0.9969504140009685
433,canadaojp_2016_01_11_015959.jpg,0.9860566770583747,0.9981910461251258
434,canadaojp_2016_01_11_023000.jpg,0.980246128012817,0.9954271266002159
435,canadaojp_2016_01_11_025959.jpg,0.9770268509995648,0.9930214303986413
436,canadaojp_2016_01_11_033000.jpg,0.980348280739713,0.9952781188731425
437,canadaojp_2016_01_11_035959.jpg,0.9869034571509163,0.99855084269062
438,canadaojp_2016_01_11_042959.jpg,0.9724800886747467,0.9902000959340447
439,canadaojp_2016_01_11_045959.jpg,0.979381809194223,0.9948316030406222
440,canadaojp_2016_01_11_052959.jpg,0.9826609484357385,0.9966589193414694
441,canadaojp_2016_01_11_055959.jpg,0.9878826034341073,0.9989840912077057
442,canadaojp_2016_01_11_062959.jpg,0.9770317954802532,0.993656124445123
443,canadaojp_2016_01_11_070000.jpg,0.9837007840613041,0.9972820739120223
444,canadaojp_2016_01_11_072959.jpg,0.9831602996324766,0.9968285764093116
445,canadaojp_2016_01_11_080000.jpg,0.9903492523009583,0.999493640647638
446,canadaojp_2016_01_11_082959.jpg,0.8602648901941179,0.9996929189917512
447,canadaojp_2016_01_11_090000.jpg,0.8787517027112779,0.9969217927346008
448,canadaojp_2016_01_11_092959.jpg,0.8570904045954688,0.9819007832840396
449,canadaojp_2016_01_11_100000.jpg,0.8923445247812316,0.9700605870704757
450,canadaojp_2016_01_11_102959.jpg,0.5196137519388884,0.9812836526459575
451,canadaojp_2016_01_11_105959.jpg,0.8076699946469974,0.9643237114831003
452,canadaojp_2016_01_11_112959.jpg,0.8448586949934999,0.983123883529424
453,canadaojp_2016_01_11_115959.jpg,0.9007753415518589,0.9826668755226782
454,canadaojp_2016_01_11_122959.jpg,0.9474941801351766,0.9861944472998254
455,canadaojp_2016_01_11_125959.jpg,0.8565696727211904,0.9602385956732205
456,canadaojp_2016_01_11_133000.jpg,0.84697958045919,0.9654918700465037
457,canadaojp_2016_01_11_135959.jpg,0.695950211390635,0.9911882785683344
458,canadaojp_2016_01_11_143000.jpg,0.8503354528222898,0.9748016163667683
459,canadaojp_2016_01_11_145959.jpg,0.8516336630797489,0.9698955238322561
460,canadaojp_2016_01_11_153000.jpg,0.8542154904674137,0.964757050703257
461,canadaojp_2016_01_11_155959.jpg,0.7814469660287697,0.9721403423433016
462,canadaojp_2016_01_11_162959.jpg,0.800817730087869,0.9690173137478459
463,canadaojp_2016_01_11_165959.jpg,0.7970793226430246,0.9645677988582735
464,canadaojp_2016_01_11_172959.jpg,0.8572837963733859,0.9306282415318391
465,canadaojp_2016_01_11_175959.jpg,0.9998120025572339,0.9944846322754388
466,canadaojp_2016_01_11_182959.jpg,0.9903301031618085,0.9996287748886703
467,canadaojp_2016_01_11_185959.jpg,0.9880383134027302,0.9990260564303839
468,canadaojp_2016_01_11_192959.jpg,0.9822440020624357,0.996517714977197
469,canadaojp_2016_01_11_200000.jpg,0.9920842512143311,0.9941985141764683
470,canadaojp_2016_01_11_202959.jpg,0.9810289217240242,0.9958372762889915
471,canadaojp_2016_01_11_210000.jpg,0.980469902482817,0.9955314759494776
472,canadaojp_2016_01_11_212959.jpg,0.980770776721194,0.9951077331698784
473,canadaojp_2016_01_11_220000.jpg,0.9776488490166964,0.9934461906489858
474,canadaojp_2016_01_11_222959.jpg,0.9880809260736505,0.9989683852204772
475,canadaojp_2016_01_11_225959.jpg,0.9791471071038781,0.9943220256280583
476,canadaojp_2016_01_11_232959.jpg,0.9901386357293553,0.9923041676711113
477,canadaojp_2016_01_11_235959.jpg,0.9904034044350749,0.9996332403464601
478,canadaojp_2016_01_12_002959.jpg,0.9876898436700692,0.9988642282992073
479,canadaojp_2016_01_12_005959.jpg,0.9909169068215395,0.9936489069244845
480,canadaojp_2016_01_12_012959.jpg,0.9852371715333066,0.9979825664198598
481,canadaojp_2016_01_12_015959.jpg,0.9879219237622031,0.9989188455088458
482,canadaojp_2016_01_12_023000.jpg,0.9922679506669139,0.9946439208894053
483,canadaojp_2016_01_12_025959.jpg,0.9808008844221527,0.9955332048698049
484,canadaojp_2016_01_12_033000.jpg,0.9873131492100955,0.9987705085365048
485,canadaojp_2016_01_12_035959.jpg,0.983278371939665,0.9971594260790066
486,canadaojp_2016_01_12_043000.jpg,0.9876019377428202,0.9988445525824836
487,canadaojp_2016_01_12_045959.jpg,0.987123268924347,0.9987150865435623
488,canadaojp_2016_01_12_052959.jpg,0.9911107815259204,0.9935036909249517
489,canadaojp_2016_01_12_055959.jpg,0.9896808615726604,0.9995256676567165
490,canadaojp_2016_01_12_062959.jpg,0.9902928140257974,0.9996656336937816
491,canadaojp_2016_01_12_065959.jpg,0.9889136641304259,0.9993820036152021
492,canadaojp_2016_01_12_072959.jpg,0.9883174378464408,0.9991605422489367
493,canadaojp_2016_01_12_075959.jpg,0.9952788320755026,0.9996310109959543
494,canadaojp_2016_01_12_082959.jpg,0.884104430956816,0.9936818676596393
495,canadaojp_2016_01_12_090000.jpg,0.8712178372688764,0.93062126843182
496,canadaojp_2016_01_12_092959.jpg,0.8618731592603543,0.9375331622356732
497,canadaojp_2016_01_12_100000.jpg,0.8506749177525541,0.9229518832540087
498,canadaojp_2016_01_12_102959.jpg,0.8570130070826171,0.9315177585640924
499,canadaojp_2016_01_12_110000.jpg,0.8493853118451997,0.9312577824459269
500,canadaojp_2016_01_12_112959.jpg,0.8437356095706761,0.9290253064745466
501,canadaojp_2016_01_12_115959.jpg,0.8802076042984355,0.9474179198099877
502,canadaojp_2016_01_12_122959.jpg,0.530388100824659,0.9782252700622102
503,canadaojp_2016_01_12_125959.jpg,0.5837070123856325,0.9717537398501507
504,canadaojp_2016_01_12_132959.jpg,0.7751082071793074,0.9862264445985387
505,canadaojp_2016_01_12_135959.jpg,0.5993547244234583,0.9841520570453229
506,canadaojp_2016_01_12_142959.jpg,0.7047260640209646,0.9731152769695515
507,canadaojp_2016_01_12_145959.jpg,0.800693077512806,0.9744842006121697
508,canadaojp_2016_01_12_153000.jpg,0.872871940338136,0.9524198398910284
509,canadaojp_2016_01_12_155959.jpg,0.8783114828556982,0.9329298228124967
510,canadaojp_2016_01_12_163000.jpg,0.8401147216012641,0.9364624977537681
511,canadaojp_2016_01_12_165959.jpg,0.8983288917278104,0.9226752661136328
512,canadaojp_2016_01_12_173000.jpg,0.8462595122093697,0.918128498832111
513,canadaojp_2016_01_12_175959.jpg,0.9999978791511137,0.99809133523862
514,canadaojp_2016_01_12_182959.jpg,0.9813268676896226,0.996245555192007
515,canadaojp_2016_01_12_185959.jpg,0.9907646601885141,0.9927407417857672
516,canadaojp_2016_01_12_192959.jpg,0.9812288096718436,0.9960188038510971
517,canadaojp_2016_01_12_195959.jpg,0.987760660429322,0.9987741297048802
518,canadaojp_2016_01_12_202959.jpg,0.9855281871557018,0.9978761426313746
519,canadaojp_2016_01_12_210000.jpg,0.9884970292281274,0.9991371785697811
520,canadaojp_2016_01_12_212959.jpg,0.9787466042019484,0.9941273371146448
521,canadaojp_2016_01_12_220000.jpg,0.9820220056764448,0.9963805850093629
522,canadaojp_2016_01_12_222959.jpg,0.9824531021068201,0.9965291495970146
523,canadaojp_2016_01_12_230000.jpg,0.9847911469894457,0.997755973556432
524,canadaojp_2016_01_12_232959.jpg,0.9813580134079617,0.9959967439253401
525,canadaojp_2016_01_13_000000.jpg,0.9823624057880003,0.9964170514243782
526,canadaojp_2016_01_13_002959.jpg,0.9815207273774266,0.9958905028794872
527,canadaojp_2016_01_13_005959.jpg,0.9819549885937197,0.9964286506790495
528,canadaojp_2016_01_13_012959.jpg,0.983528576527352,0.9967036048506335
529,canadaojp_2016_01_13_015959.jpg,0.9874470397538759,0.9988326659828961
530,canadaojp_2016_01_13_022959.jpg,0.9854615911515288,0.9979405601956943
531,canadaojp_2016_01_13_025959.jpg,0.9761767467281763,0.9929281226078445
532,canadaojp_2016_01_13_033000.jpg,0.9811513685813289,0.9955986551898606
533,canadaojp_2016_01_13_035959.jpg,0.9757788331638637,0.9925643009838765
534,canadaojp_2016_01_13_043000.jpg,0.9823075856297256,0.9966297120591229
535,canadaojp_2016_01_13_045959.jpg,0.9789788625919497,0.9948687363614139
536,canadaojp_2016_01_13_053000.jpg,0.9921303793704848,0.9946873852704665
537,canadaojp_2016_01_13_055959.jpg,0.9770252027191583,0.9937147422661801
538,canadaojp_2016_01_13_063000.jpg,0.9912196083505269,0.9935026477369842
539,canadaojp_2016_01_13_065959.jpg,0.9844238115951776,0.9973176701237716
540,canadaojp_2016_01_13_072959.jpg,0.9756974913639456,0.9925352464426698
541,canadaojp_2016_01_13_075959.jpg,0.9917280663433096,0.9995805203386972
542,canadaojp_2016_01_13_082959.jpg,0.8434507331047835,0.996300021923614
543,canadaojp_2016_01_13_085959.jpg,0.8650296313920494,0.9251822613612795
544,canadaojp_2016_01_13_092959.jpg,0.8492657538851144,0.9505857822832653
545,canadaojp_2016_01_13_100000.jpg,0.8531089729582796,0.9402795120003825
546,canadaojp_2016_01_13_102959.jpg,0.8496994515427803,0.942019633700895
547,canadaojp_2016_01_13_110000.jpg,0.8598527029459959,0.9420767528551088
548,canadaojp_2016_01_13_112959.jpg,0.8684375623540472,0.9371795380129307
549,canadaojp_2016_01_13_120000.jpg,0.849593304558037,0.937176228189654
550,canadaojp_2016_01_13_122959.jpg,0.8480272089458571,0.9362125293900693
551,canadaojp_2016_01_13_130000.jpg,0.8311403059705986,0.9408358064818935
552,canadaojp_2016_01_13_132959.jpg,0.8590391054715003,0.936405883274287
553,canadaojp_2016_01_13_135959.jpg,0.8538108899200643,0.9449973149183206
554,canadaojp_2016_01_13_142959.jpg,0.8622609780307902,0.9402504974902943
555,canadaojp_2016_01_13_145959.jpg,0.865179527614411,0.931867042376656
556,canadaojp_2016_01_13_152959.jpg,0.8583683771842445,0.949439725149805
557,canadaojp_2016_01_13_155959.jpg,0.8688191767604352,0.9520927030837698
558,canadaojp_2016_01_13_163000.jpg,0.8620292024999354,0.9491436705596084
559,canadaojp_2016_01_13_165959.jpg,0.8606128116459131,0.9392661303698593
560,canadaojp_2016_01_13_173000.jpg,0.8091980281326007,0.8998479428114878
561,canadaojp_2016_01_13_175959.jpg,0.9872740646835061,0.9943034863125083
562,canadaojp_2016_01_13_183000.jpg,0.9844427570973169,0.9974960072347203
563,canadaojp_2016_01_13_185959.jpg,0.9811960658463816,0.9959458564840981
564,canadaojp_2016_01_13_193000.jpg,0.9852582435034114,0.9977449406622236
565,canadaojp_2016_01_13_195959.jpg,0.9770910870676787,0.9930408811340563
566,canadaojp_2016_01_13_202959.jpg,0.9827679633331319,0.9966865110449946
567,canadaojp_2016_01_13_205959.jpg,0.9697035000710896,0.9879457111842012
568,canadaojp_2016_01_13_212959.jpg,0.983219388322761,0.9968554553960689
569,canadaojp_2016_01_13_215959.jpg,0.9732194032458614,0.9907712424046751
570,canadaojp_2016_01_13_222959.jpg,0.9881588501745711,0.9990695016207998
571,canadaojp_2016_01_13_230000.jpg,0.9891811124871227,0.9914967800698629
572,canadaojp_2016_01_13_232959.jpg,0.9891597024146747,0.9992857257533034
573,canadaojp_2016_01_14_000000.jpg,0.9876212317890752,0.9986537055854825
574,canadaojp_2016_01_14_002959.jpg,0.9906006501359725,0.9926998733391781
575,canadaojp_2016_01_14_010000.jpg,0.9874858551933547,0.9987477551339397
576,canadaojp_2016_01_14_012959.jpg,0.9891811124871227,0.999288829176691
577,canadaojp_2016_01_14_015959.jpg,0.9868276964671172,0.9985611525148261
578,canadaojp_2016_01_14_022959.jpg,0.9842337154948386,0.9973397150525503
579,canadaojp_2016_01_14_025959.jpg,0.9766345277928452,0.992829808066633
580,canadaojp_2016_01_14_032959.jpg,0.9831982972815367,0.9971456311430138
581,canadaojp_2016_01_14_035959.jpg,0.9890205844748514,0.9992613572550557
582,canadaojp_2016_01_14_042959.jpg,0.9807662585039623,0.9956746850320808
583,canadaojp_2016_01_14_045959.jpg,0.9901933804231576,0.9928232295124402
584,canadaojp_2016_01_14_053000.jpg,0.9867591986022533,0.9983652401743961
585,canadaojp_2016_01_14_055959.jpg,0.9895196656738999,0.991872297207512
586,canadaojp_2016_01_14_063000.jpg,0.9871748609159519,0.9986465857682514
587,canadaojp_2016_01_14_065959.jpg,0.9803558933117948,0.9952273213052534
588,canadaojp_2016_01_14_073000.jpg,0.9736082134493289,0.9911980029558547
589,canadaojp_2016_01_14_075959.jpg,0.21144972244292484,0.9981712076957373
590,canadaojp_2016_01_14_082959.jpg,0.7211806285600761,0.9432788963515677
591,canadaojp_2016_01_14_085959.jpg,0.5710331214447325,0.973145191506109
592,canadaojp_2016_01_14_092959.jpg,0.5103428249148716,0.9718500981940903
593,canadaojp_2016_01_14_095959.jpg,0.5934289346755623,0.9450744910397111
594,canadaojp_2016_01_14_102959.jpg,0.7074816474790678,0.8566566017517931
595,canadaojp_2016_01_14_105959.jpg,0.5234692385367261,0.9836379029955482
596,canadaojp_2016_01_14_112959.jpg,0.8664333665272845,0.8654808460729417
597,canadaojp_2016_01_14_120000.jpg,0.9063765463284871,0.9222538041239541
598,canadaojp_2016_01_14_122959.jpg,0.8636889824844917,0.9766378199070664
599,canadaojp_2016_01_14_130000.jpg,0.8883483164643107,0.9522707634044321
600,canadaojp_2016_01_14_132959.jpg,0.8568064997003515,0.9490101536384417
601,canadaojp_2016_01_14_140000.jpg,0.8428393001816741,0.9731878971221755
602,canadaojp_2016_01_14_142959.jpg,0.6158057850927574,0.9794756654307416
603,canadaojp_2016_01_14_145959.jpg,0.7644110540507761,0.9725307117163124
604,canadaojp_2016_01_14_152959.jpg,0.7642274616210738,0.9584585581767202
605,canadaojp_2016_01_14_155959.jpg,0.725605036999473,0.9615255065276218
606,canadaojp_2016_01_14_162959.jpg,0.5253556934471302,0.9717975599157724
607,canadaojp_2016_01_14_165959.jpg,0.5694569203547899,0.9690081217608493
608,canadaojp_2016_01_14_172959.jpg,0.8508466900512607,0.9471974539562911
609,canadaojp_2016_01_14_175959.jpg,0.9889079622537418,0.9999602894341266
610,canadaojp_2016_01_14_183000.jpg,0.9910156458695973,0.9998377170436381
611,canadaojp_2016_01_14_185959.jpg,0.9935679565374174,0.9999942311544148
612,canadaojp_2016_01_14_193000.jpg,0.9881092919254832,0.9991683830072642
613,canadaojp_2016_01_14_195959.jpg,0.9836314556733675,0.9972319802814434
614,canadaojp_2016_01_14_203000.jpg,0.9903205214269339,0.999691559629797
615,canadaojp_2016_01_14_205959.jpg,0.9893739597982729,0.9918454232809264
616,canadaojp_2016_01_14_212959.jpg,0.991450252201906,0.9937465074116021
617,canadaojp_2016_01_14_215959.jpg,0.9820525584558655,0.9962479316077615
618,canadaojp_2016_01_14_222959.jpg,0.9812674696469772,0.9958913318197208
619,canadaojp_2016_01_14_225959.jpg,0.9803574156467915,0.9953841698810512
620,canadaojp_2016_01_14_232959.jpg,0.9856933532103931,0.9981406898087603
621,canadaojp_2016_01_14_235959.jpg,0.9787925264325754,0.9943288482549864
622,canadaojp_2016_01_15_002959.jpg,0.9827009398862689,0.9968843848020082
623,canadaojp_2016_01_15_010000.jpg,0.9859219483379819,0.9981104807879884
624,canadaojp_2016_01_15_012959.jpg,0.9769955233965271,0.9936540627169359
625,canadaojp_2016_01_15_020000.jpg,0.9769823263370233,0.9936148259542186
626,canadaojp_2016_01_15_022959.jpg,0.9874081636807388,0.9987058081185616
627,canadaojp_2016_01_15_030000.jpg,0.9771174138893312,0.9939192665756289
628,canadaojp_2016_01_15_032959.jpg,0.9841491576310359,0.9975295242399137
629,canadaojp_2016_01_15_035959.jpg,0.9884213987116887,0.9991549191700013
630,canadaojp_2016_01_15_042959.jpg,0.9905323225681252,0.9922768829897495
631,canadaojp_2016_01_15_045959.jpg,0.9914412458957038,0.9941708859847955
632,canadaojp_2016_01_15_052959.jpg,0.9824300905430671,0.996697664204569
633,canadaojp_2016_01_15_055959.jpg,0.9799380586013697,0.9947868656992103
634,canadaojp_2016_01_15_063000.jpg,0.9814631205536823,0.995828928607486
635,canadaojp_2016_01_15_065959.jpg,0.9796539252442711,0.995174454161144
636,canadaojp_2016_01_15_073000.jpg,0.9867230093567994,0.9984982402926088
637,canadaojp_2016_01_15_075959.jpg,0.9947173191987461,0.9997337806281463
638,canadaojp_2016_01_15_083000.jpg,0.8107089251515265,0.9810392355027698
639,canadaojp_2016_01_15_085959.jpg,0.86608111930658,0.9338240851936671
640,canadaojp_2016_01_15_093000.jpg,0.8739815199562531,0.9431407367064215
641,canadaojp_2016_01_15_095959.jpg,0.8607187895332249,0.9362125293900693
642,canadaojp_2016_01_15_102959.jpg,0.8477289346360939,0.9375133604645405
643,canadaojp_2016_01_15_105959.jpg,0.8133450519708549,0.9647202242085404
644,canadaojp_2016_01_15_112959.jpg,0.823260879805349,0.970013150609375
645,canadaojp_2016_01_15_115959.jpg,0.7916619073791356,0.9640291762717205
646,canadaojp_2016_01_15_122959.jpg,0.7764835388543359,0.9926533423994353
647,canadaojp_2016_01_15_130000.jpg,0.6465529921454664,0.9751231741793541
648,canadaojp_2016_01_15_132959.jpg,0.5999212376257452,0.9812302680275162
649,canadaojp_2016_01_15_140000.jpg,0.7864796601764014,0.8736263620693043
650,canadaojp_2016_01_15_142959.jpg,0.6130555261308946,0.9746421239703662
651,canadaojp_2016_01_15_150000.jpg,0.5416000789898852,0.9615306412906843
652,canadaojp_2016_01_15_152959.jpg,0.5872915629212828,0.9620550872585554
653,canadaojp_2016_01_15_160000.jpg,0.5827073054855498,0.9527029919604115
654,canadaojp_2016_01_15_162959.jpg,0.5984065603561641,0.9557490347224611
655,canadaojp_2016_01_15_165959.jpg,0.7781914897556479,0.964935991560438
656,canadaojp_2016_01_15_172959.jpg,0.8058229249270883,0.9566328936063726
657,canadaojp_2016_01_15_175959.jpg,0.8568194112710243,0.9363692363149968
658,canadaojp_2016_01_16_103000.jpg,0.5508913396103796,0.953665956448742
659,canadaojp_2016_01_16_105959.jpg,0.5963100717120651,0.8818968631108004
660,canadaojp_2016_01_16_113000.jpg,0.6253048935102472,0.8275947676772215
661,canadaojp_2016_01_16_115959.jpg,0.6734189016707293,0.905316627732835
662,canadaojp_2016_01_16_122959.jpg,0.6791172202353614,0.9300412166858922
663,canadaojp_2016_01_16_125959.jpg,0.8786927953005783,0.9707452233667735
664,canadaojp_2016_01_16_132959.jpg,0.8629592098305567,0.9582553238159743
665,canadaojp_2016_01_16_135959.jpg,0.8151204674449242,0.9348639377260515
666,canadaojp_2016_01_16_142959.jpg,0.6477021641899748,0.9722924863690259
667,canadaojp_2016_01_16_150000.jpg,0.8336184073702233,0.9813706818749138
668,canadaojp_2016_01_16_152959.jpg,0.7683886010087864,0.9127366725132227
669,canadaojp_2016_01_16_160000.jpg,0.8764585738770438,0.9169597318660552
670,canadaojp_2016_01_16_162959.jpg,0.8270467538876749,0.899466170922117
671,canadaojp_2016_01_16_170000.jpg,0.781342750571079,0.8922310425827167
672,canadaojp_2016_01_16_172959.jpg,0.8262174933468373,0.9009169624316633
673,canadaojp_2016_01_16_175959.jpg,0.525364881311924,0.9945516851619067
674,canadaojp_2016_01_16_182959.jpg,0.9932422237095487,0.9999705853300689
675,canadaojp_2016_01_16_185959.jpg,0.9979963341193583,0.9997636557922238
676,canadaojp_2016_01_16_192959.jpg,0.9906582712290298,0.9998049548898484
677,canadaojp_2016_01_16_195959.jpg,0.994631351707919,0.9997590674042837
678,canadaojp_2016_01_16_202959.jpg,0.992506702243579,0.9999921117301102
679,canadaojp_2016_01_16_205959.jpg,0.9914482512127014,0.9999140353376568
680,canadaojp_2016_01_16_213000.jpg,0.9910412700477425,0.9998236039970805
681,canadaojp_2016_01_16_215959.jpg,0.9951103018485927,0.9978528528211332
682,canadaojp_2016_01_16_223000.jpg,0.9912358235598551,0.9998485520337834
683,canadaojp_2016_01_16_225959.jpg,0.9842990226177171,0.9976047429588982
684,canadaojp_2016_01_16_233000.jpg,0.9894708393102452,0.9994545509224358
685,canadaojp_2016_01_16_235959.jpg,0.9927601060878284,0.9950478374432992
686,canadaojp_2016_01_17_002959.jpg,0.9911403432690444,0.9937024243816732
687,canadaojp_2016_01_17_005959.jpg,0.9863076890609589,0.9982955551444523
688,canadaojp_2016_01_17_012959.jpg,0.9895141229801125,0.9916867856262841
689,canadaojp_2016_01_17_015959.jpg,0.9772176438017796,0.9931933695399645
690,canadaojp_2016_01_17_022959.jpg,0.9812823281167512,0.9959376186486344
691,canadaojp_2016_01_17_025959.jpg,0.9863672350747971,0.9982934207460801
692,canadaojp_2016_01_17_032959.jpg,0.979181614417754,0.9946278129860077
693,canadaojp_2016_01_17_040000.jpg,0.9834253713431136,0.9968482021100138
694,canadaojp_2016_01_17_042959.jpg,0.9829072908830321,0.9967583017143384
695,canadaojp_2016_01_17_050000.jpg,0.9840232632542327,0.9972847686199926
696,canadaojp_2016_01_17_052959.jpg,0.9893426851129963,0.9916596052257411
697,canadaojp_2016_01_17_060000.jpg,0.9873692269706367,0.9986155160438627
698,canadaojp_2016_01_17_062959.jpg,0.984772417049876,0.9975996801929574
699,canadaojp_2016_01_17_065959.jpg,0.9806183675773387,0.9954192516939542
700,canadaojp_2016_01_17_072959.jpg,0.9798918707663395,0.9951708593723889
701,canadaojp_2016_01_17_075959.jpg,0.9944830465792489,0.999671277334343
702,canadaojp_2016_01_17_082959.jpg,0.6895287276171097,0.9661033744954142
703,canadaojp_2016_01_17_085959.jpg,0.8223921454274219,0.8870784737972714
704,canadaojp_2016_01_17_092959.jpg,0.8146476476598714,0.9013714250501745
705,canadaojp_2016_01_17_095959.jpg,0.8138597315847576,0.8796520472084355
706,canadaojp_2016_01_17_103000.jpg,0.794428690287827,0.8997292530773753
707,canadaojp_2016_01_17_105959.jpg,0.8079497309182208,0.8949803694901459
708,canadaojp_2016_01_17_113000.jpg,0.827061114169666,0.8880033298016408
709,canadaojp_2016_01_17_115959.jpg,0.828584213102372,0.8925966126768923
710,canadaojp_2016_01_17_123000.jpg,0.8158507230007572,0.9056821941366702
711,canadaojp_2016_01_17_125959.jpg,0.775281095800069,0.9938565418300236
712,canadaojp_2016_01_17_132959.jpg,0.6474354853549423,0.9844465288070352
713,canadaojp_2016_01_17_135959.jpg,0.6834342256698539,0.950929856591024
714,canadaojp_2016_01_17_142959.jpg,0.5993385299283089,0.9279696853694912
715,canadaojp_2016_01_17_145959.jpg,0.5790519208029404,0.9227896647369933
716,canadaojp_2016_01_17_152959.jpg,0.5679448744259673,0.9416253488174662
717,canadaojp_2016_01_17_155959.jpg,0.5576676925026036,0.9776103423989289
718,canadaojp_2016_01_17_162959.jpg,0.5841563119674951,0.9877469944317041
719,canadaojp_2016_01_17_170000.jpg,0.5204664651492157,0.9722273338014432
720,canadaojp_2016_01_17_172959.jpg,0.6712102060673268,0.8997038097233955
721,canadaojp_2016_01_17_180000.jpg,0.8473857367405573,0.7927311111503683
722,canadaojp_2016_01_17_182959.jpg,0.9883326523550665,0.9990481022899517
723,canadaojp_2016_01_17_190000.jpg,0.9927858485258363,0.9999397693659713
724,canadaojp_2016_01_17_192959.jpg,0.9930605708435949,0.9977998341619791
725,canadaojp_2016_01_17_195959.jpg,0.9885550365613742,0.9992634620075607
726,canadaojp_2016_01_17_202959.jpg,0.992531959394445,0.9999982651458686
727,canadaojp_2016_01_17_205959.jpg,0.9989513660418929,0.9999977755295613
728,canadaojp_2016_01_17_212959.jpg,0.9923182774937418,0.9999999979573284
729,canadaojp_2016_01_17_215959.jpg,0.9966083822066323,0.9994494109678165
730,canadaojp_2016_01_17_223000.jpg,0.9942739746593389,0.9998256561728451
731,canadaojp_2016_01_17_225959.jpg,0.99679627930112,0.9985670273018064
732,canadaojp_2016_01_17_233000.jpg,0.9918954616696052,0.9998982874081465
733,canadaojp_2016_01_17_235959.jpg,0.9961336480655258,0.9981434746106745
734,canadaojp_2016_01_18_003000.jpg,0.9906906699953021,0.9997728948677806
735,canadaojp_2016_01_18_005959.jpg,0.9923116400230572,0.9999913696955798
736,canadaojp_2016_01_18_013000.jpg,0.9852595599966825,0.9980039843544561
737,canadaojp_2016_01_18_015959.jpg,0.9803665484008443,0.9955917885001506
738,canadaojp_2016_01_18_022959.jpg,0.9858871980719554,0.9985266431584793
739,canadaojp_2016_01_20_062959.jpg,0.9928901813409653,0.9999990991816681
740,canadaojp_2016_01_20_065959.jpg,0.9853659987115841,0.998027010125847
741,canadaojp_2016_01_20_072959.jpg,0.9798425443753815,0.9954498381525893
742,canadaojp_2016_01_20_075959.jpg,0.9988516001944969,0.9959343211667635
743,canadaojp_2016_01_20_082959.jpg,0.9209899662271683,0.9841863654587634
744,canadaojp_2016_01_20_090000.jpg,0.8347074148535164,0.8986960178263432
745,canadaojp_2016_01_20_092959.jpg,0.8454477278437167,0.9062270787947739
746,canadaojp_2016_01_20_100000.jpg,0.8325065410349941,0.9027113941807865
747,canadaojp_2016_01_20_102959.jpg,0.8404350167966854,0.8983845080115325
748,canadaojp_2016_01_20_110000.jpg,0.8409010842316141,0.8931722298425911
749,canadaojp_2016_01_20_112959.jpg,0.8339319708303862,0.8935185493451273
750,canadaojp_2016_01_20_115959.jpg,0.8495579129070692,0.8883900887314804
751,canadaojp_2016_01_20_122959.jpg,0.8454567109562467,0.885876801575134
752,canadaojp_2016_01_20_125959.jpg,0.857172076674473,0.8920943319388581
753,canadaojp_2016_01_20_132959.jpg,0.8532748119804037,0.8996571545539893
754,canadaojp_2016_01_20_135959.jpg,0.8569829017522751,0.8995807845493584
755,canadaojp_2016_01_20_143000.jpg,0.8481828935316847,0.9045047574270972
756,canadaojp_2016_01_20_145959.jpg,0.8364469684151381,0.890166070803506
757,canadaojp_2016_01_20_153000.jpg,0.8182482815075194,0.9004824933634987
758,canadaojp_2016_01_20_155959.jpg,0.7924766710576501,0.9003261724147736
759,canadaojp_2016_01_20_163000.jpg,0.7537843477276402,0.8961333296160889
760,canadaojp_2016_01_20_165959.jpg,0.7182127365352631,0.9057068118122671
761,canadaojp_2016_01_20_173000.jpg,0.7633542202447681,0.8893225049615665
762,canadaojp_2016_01_20_175959.jpg,0.8016942047033294,0.9998582449584076
763,canadaojp_2016_01_20_182959.jpg,0.999374907636523,0.9993134132067383
764,canadaojp_2016_01_20_185959.jpg,0.9891642115704447,0.9996322503581819
765,canadaojp_2016_01_20_192959.jpg,0.9929266083494206,0.9999639444627844
766,canadaojp_2016_01_20_195959.jpg,0.9922546292046398,0.9999999573123333
767,canadaojp_2016_01_20_202959.jpg,0.9923826058181773,0.9961587004889298
768,canadaojp_2016_01_20_210000.jpg,0.9969377158649481,0.9982612443100547
769,canadaojp_2016_01_20_212959.jpg,0.9900815816089785,0.9978071021130275
770,canadaojp_2016_01_20_220000.jpg,0.9944355798046409,0.9995786666918725
771,canadaojp_2016_01_20_222959.jpg,0.985060096804685,0.9984599475501729
772,canadaojp_2016_01_20_230000.jpg,0.9903066727098254,0.9979176258456589
773,canadaojp_2016_01_20_232959.jpg,0.9964916605384335,0.9988966453865926
774,canadaojp_2016_01_21_000000.jpg,0.9985259104194701,0.9928910617209145
775,canadaojp_2016_01_21_002959.jpg,0.9938458139752385,0.9952067468273891
776,canadaojp_2016_01_21_005959.jpg,0.9954495006629107,0.9933314835146929
777,canadaojp_2016_01_21_012959.jpg,0.9960682210673928,0.9918687944424553
778,canadaojp_2016_01_21_015959.jpg,0.9987381137792888,0.9965100814250296
779,canadaojp_2016_01_21_022959.jpg,0.998452924639141,0.9975647287470684
780,canadaojp_2016_01_21_025959.jpg,0.9956019841657617,0.9997703578104306
781,canadaojp_2016_01_21_033000.jpg,0.9887855879975699,0.9984047013621594
782,canadaojp_2016_01_21_035959.jpg,0.9947573033705527,0.999788009294128
783,canadaojp_2016_01_21_043000.jpg,0.9860784287531645,0.9993305651410751
784,canadaojp_2016_01_21_045959.jpg,0.9919857788258124,0.999971004041696
785,canadaojp_2016_01_21_053000.jpg,0.9916481731322088,0.9999329733230311
786,canadaojp_2016_01_21_055959.jpg,0.9832559143794175,0.9972156352744195
787,canadaojp_2016_01_21_063000.jpg,0.990837317406688,0.9926022094582285
788,canadaojp_2016_01_21_065959.jpg,0.9828206338480151,0.9972094934678091
789,canadaojp_2016_01_21_072959.jpg,0.9875693446741287,0.9988611787385488
790,canadaojp_2016_01_21_075959.jpg,0.9941564121988451,0.9998631223382772
791,canadaojp_2016_01_21_082959.jpg,0.7290053092096289,0.884269914129327
792,canadaojp_2016_01_21_085959.jpg,0.767490514995927,0.861451805803237
793,canadaojp_2016_01_21_092959.jpg,0.7651445625620552,0.8378431059306983
794,canadaojp_2016_01_21_100000.jpg,0.8238660928796058,0.8535814909722175
795,canadaojp_2016_01_21_102959.jpg,0.7965907633231417,0.8679367121538352
796,canadaojp_2016_01_21_110000.jpg,0.8030072749905958,0.8674485241150462
797,canadaojp_2016_01_21_112959.jpg,0.8285318202457942,0.8519279323912474
798,canadaojp_2016_01_21_120000.jpg,0.8437988758146863,0.8513972332996509
799,canadaojp_2016_01_21_122959.jpg,0.8410425798693117,0.8669197685947354
800,canadaojp_2016_01_21_130000.jpg,0.844065339530291,0.8586489972862812
801,canadaojp_2016_01_21_132959.jpg,0.8481206304299709,0.8511814981108347
802,canadaojp_2016_01_21_135959.jpg,0.8351269765207174,0.8457633104530327
803,canadaojp_2016_01_21_142959.jpg,0.8469751138394326,0.849523475669142
804,canadaojp_2016_01_21_145959.jpg,0.8199525750786727,0.8659283230889757
805,canadaojp_2016_01_21_152959.jpg,0.8301138570954216,0.843200454327306
806,canadaojp_2016_01_21_155959.jpg,0.8383834662640404,0.8424242445902976
807,canadaojp_2016_01_21_163000.jpg,0.819457463728334,0.8387586558161543
808,canadaojp_2016_01_21_165959.jpg,0.8441781707129705,0.8597310805096561
809,canadaojp_2016_01_21_173000.jpg,0.8388667040464293,0.8476525644320108
810,canadaojp_2016_01_21_175959.jpg,0.9962898748475232,0.9957753048640968
811,canadaojp_2016_01_21_183000.jpg,0.9933924845958526,0.994858538091859
812,canadaojp_2016_01_21_185959.jpg,0.9935766245432149,0.9985865230437654
813,canadaojp_2016_01_21_192959.jpg,0.9971027514098045,0.9999204943869144
814,canadaojp_2016_01_21_195959.jpg,0.9928746713917997,0.9979346917171603
815,canadaojp_2016_01_21_202959.jpg,0.9895196656738999,0.9986480112352502
816,canadaojp_2016_01_21_205959.jpg,0.976944363367755,0.9941837215544802
817,canadaojp_2016_01_21_212959.jpg,0.9851725440339084,0.9979935791154719
818,canadaojp_2016_01_21_215959.jpg,0.9929384268839874,0.9999679369479688
819,canadaojp_2016_01_21_222959.jpg,0.9957236487874079,0.9974655183730765
820,canadaojp_2016_01_21_230000.jpg,0.9973014835006042,0.9999983491455902
821,canadaojp_2016_01_21_232959.jpg,0.9851923431091956,0.9996585115784972
822,canadaojp_2016_01_22_000000.jpg,0.9960512692228529,0.9979604504806319
823,canadaojp_2016_01_22_002959.jpg,0.9929538669071051,0.9990726511883234
824,canadaojp_2016_01_22_010000.jpg,0.9997385001268259,0.9964855977579317
825,canadaojp_2016_01_22_012959.jpg,0.9994374626421119,0.9973669772600291
826,canadaojp_2016_01_22_015959.jpg,0.996396987621043,0.9976079044689199
827,canadaojp_2016_01_22_022959.jpg,0.9911077205869379,0.9978773335521453
828,canadaojp_2016_01_22_025959.jpg,0.9912934677054899,0.9972142710143885
829,canadaojp_2016_01_22_032959.jpg,0.9969942234948375,0.9982352865336088
830,canadaojp_2016_01_22_035959.jpg,0.9935549435209808,0.999859472308863
831,canadaojp_2016_01_22_042959.jpg,0.9970975179441589,0.9981557029131574
832,canadaojp_2016_01_22_045959.jpg,0.9918876686793908,0.999999771721023
833,canadaojp_2016_01_22_053000.jpg,0.9957087997114529,0.9984165484305036
834,canadaojp_2016_01_22_055959.jpg,0.988943290075792,0.9995351830682153
835,canadaojp_2016_01_22_063000.jpg,0.9821106814377726,0.9965807501255457
836,canadaojp_2016_01_22_065959.jpg,0.9835243988746706,0.997181428335345
837,canadaojp_2016_01_22_073000.jpg,0.9759664049121695,0.9930408811340563
838,canadaojp_2016_01_22_075959.jpg,0.9996860328297827,0.9963751380042478
839,canadaojp_2016_01_22_082959.jpg,0.5920771767271866,0.985619867169768
840,canadaojp_2016_01_22_085959.jpg,0.7776267334442759,0.8478178525263371
841,canadaojp_2016_01_22_092959.jpg,0.699565688253901,0.8596037165387626
842,canadaojp_2016_01_22_095959.jpg,0.6148144413042977,0.9144789941292428
843,canadaojp_2016_01_22_102959.jpg,0.5645563408746481,0.9285410229332526
844,canadaojp_2016_01_22_105959.jpg,0.5100696758524592,0.9720183212449864
845,canadaojp_2016_01_22_112959.jpg,0.5446687918051867,0.9724506984149515
846,canadaojp_2016_01_22_120000.jpg,0.5603080737410508,0.9883508286185492
847,canadaojp_2016_01_22_122959.jpg,0.5598659411679539,0.9786570097957213
848,canadaojp_2016_01_22_130000.jpg,0.5631781643049557,0.9879243457905833
849,canadaojp_2016_01_22_132959.jpg,0.5325619252977539,0.9230476548857989
850,canadaojp_2016_01_22_140000.jpg,0.5091645896680124,0.9221167533943888
851,canadaojp_2016_01_22_142959.jpg,0.5372916996861656,0.886507974851278
852,canadaojp_2016_01_22_145959.jpg,0.5394048779429643,0.8757465574186694
853,canadaojp_2016_01_22_152959.jpg,0.7112755109301061,0.8622699416298265
854,canadaojp_2016_01_22_155959.jpg,0.720926101437378,0.8507495026863694
855,canadaojp_2016_01_22_162959.jpg,0.7699241348359054,0.8236513096412175
856,canadaojp_2016_01_22_165959.jpg,0.769324249607003,0.8278749050838927
857,canadaojp_2016_01_22_172959.jpg,0.8034197888354595,0.8372126572870637
858,canadaojp_2016_01_22_175959.jpg,0.75882495741566,0.8026726017836439
859,canadaojp_2016_01_22_183000.jpg,0.991465252113578,0.999990355192228
860,canadaojp_2016_01_22_185959.jpg,0.996122221258546,0.9988511299438132
861,canadaojp_2016_01_22_193000.jpg,0.9939899771055941,0.9997083358326398
862,canadaojp_2016_01_22_195959.jpg,0.994807263900207,0.9994641607163212
863,canadaojp_2016_01_22_203000.jpg,0.9909220628852051,0.9971800557053867
864,canadaojp_2016_01_22_205959.jpg,0.9930190716894722,0.9999065766511357
865,canadaojp_2016_01_22_212959.jpg,0.9942198641038904,0.9996911058418658
866,canadaojp_2016_01_22_215959.jpg,0.9914702491401013,0.9971123866882707
867,canadaojp_2016_01_22_222959.jpg,0.9938211950799694,0.9999923278371976
868,canadaojp_2016_01_22_225959.jpg,0.9971363646806075,0.9995722802978838
869,canadaojp_2016_01_22_232959.jpg,0.9952728907308082,0.999847756378236
870,canadaojp_2016_01_23_000000.jpg,0.9916491618226739,0.9976738131055015
871,canadaojp_2016_01_23_002959.jpg,0.9899626384966197,0.9989712874876422
872,canadaojp_2016_01_23_010000.jpg,0.9905828039022203,0.9976563276407178
873,canadaojp_2016_01_23_012959.jpg,0.9906666376239792,0.9975596238192188
874,canadaojp_2016_01_23_020000.jpg,0.9876934494942229,0.9992236778687036
875,canadaojp_2016_01_23_022959.jpg,0.9964157646399538,0.9995580067842635
876,canadaojp_2016_01_23_030000.jpg,0.9876645879843581,0.9988620504591239
877,canadaojp_2016_01_23_032959.jpg,0.9964415832805429,0.9985967048019841
878,canadaojp_2016_01_23_035959.jpg,0.9917241300641585,0.9999979639557737
879,canadaojp_2016_01_23_042959.jpg,0.9950860922331737,0.9993238647626529
880,canadaojp_2016_01_23_045959.jpg,0.9927149459431055,0.9999805533044797
881,canadaojp_2016_01_23_052959.jpg,0.9923049996706419,0.9999999117899381
882,canadaojp_2016_01_23_055959.jpg,0.9944934779193857,0.9997693782661041
883,canadaojp_2016_01_23_063000.jpg,0.9803741573845692,0.9958088599573043
884,canadaojp_2016_01_23_065959.jpg,0.9896588543237179,0.9995273538549976
885,canadaojp_2016_01_23_073000.jpg,0.9803650264246833,0.9953127179985857
886,canadaojp_2016_01_23_075959.jpg,0.9905554767074453,0.9998092593908903
887,canadaojp_2016_01_23_083000.jpg,0.7590110795452772,0.7860840972235155
888,canadaojp_2016_01_23_085959.jpg,0.8019375576212309,0.787700989463673
889,canadaojp_2016_01_23_093000.jpg,0.8088686518762915,0.7772071002902546
890,canadaojp_2016_01_23_095959.jpg,0.7962646749660076,0.7611839573584964
891,canadaojp_2016_01_23_102959.jpg,0.7894371011208439,0.7597691941949591
892,canadaojp_2016_01_23_105959.jpg,0.799178042206006,0.7626626490316951
893,canadaojp_2016_01_23_112959.jpg,0.7955061278041458,0.7652404682797764
894,canadaojp_2016_01_23_115959.jpg,0.7944710052884746,0.7624073837690291
895,canadaojp_2016_01_23_122959.jpg,0.7853799364150592,0.7606089524912361
896,canadaojp_2016_01_23_130000.jpg,0.7731282990243877,0.758230825272931
897,canadaojp_2016_01_23_132959.jpg,0.7839883277349069,0.7609692942745057
898,canadaojp_2016_01_23_140000.jpg,0.7648581997380557,0.7691127927098009
899,canadaojp_2016_01_23_142959.jpg,0.7907169948249534,0.7551432398867627
900,canadaojp_2016_01_23_150000.jpg,0.7984676862486206,0.7700207013087386
901,canadaojp_2016_01_23_152959.jpg,0.8099265519625518,0.7620414449680548
902,canadaojp_2016_01_23_160000.jpg,0.7872415445140162,0.7754099208150101
903,canadaojp_2016_01_23_162959.jpg,0.7923064181313999,0.7701830854012481
904,canadaojp_2016_01_23_165959.jpg,0.7965592197504385,0.7787246396794412
905,canadaojp_2016_01_23_172959.jpg,0.8241803345138057,0.7951532796318559
906,canadaojp_2016_01_23_175959.jpg,0.7860141749001084,0.7601025342643787
907,canadaojp_2016_01_23_182959.jpg,0.9932342214139442,0.9998907284463189
908,canadaojp_2016_01_23_185959.jpg,0.9952087845350248,0.9983363816993365
909,canadaojp_2016_01_23_193000.jpg,0.9971892792097612,0.9995663838909571
910,canadaojp_2016_01_23_195959.jpg,0.9938517490728149,0.9998664260031408
911,canadaojp_2016_01_23_203000.jpg,0.9909096858575326,0.9999793977253217
912,canadaojp_2016_01_23_205959.jpg,0.9963397080361283,0.9987468406548778
913,canadaojp_2016_01_23_213000.jpg,0.9936655633696307,0.9998096159309999
914,canadaojp_2016_01_23_215959.jpg,0.9909230939211624,0.9974210796840337
915,canadaojp_2016_01_23_223000.jpg,0.9958616904812161,0.9989704586859198
916,canadaojp_2016_01_23_225959.jpg,0.9990295272135421,0.9996965292768432
917,canadaojp_2016_01_23_232959.jpg,0.9868301839204128,0.9993694179195658
918,canadaojp_2016_01_23_235959.jpg,0.9941638466045499,0.9978209986921898
919,canadaojp_2016_01_24_002959.jpg,0.9988968590415555,0.9988781170405788
920,canadaojp_2016_01_24_005959.jpg,0.9893906950492722,0.9985167081528024
921,canadaojp_2016_01_24_012959.jpg,0.9935445235970023,0.9998504531011325
922,canadaojp_2016_01_24_020000.jpg,0.9929375181185023,0.9999473327838808
923,canadaojp_2016_01_24_022959.jpg,0.989977816359292,0.9983834730451313
924,canadaojp_2016_01_24_030000.jpg,0.9958929041878395,0.9989349258906256
925,canadaojp_2016_01_24_032959.jpg,0.9880134206023077,0.9987053433203114
926,canadaojp_2016_01_24_040000.jpg,0.9944291279174329,0.9996315069910962
927,canadaojp_2016_01_24_042959.jpg,0.9954778811914404,0.9991417256141264
928,canadaojp_2016_01_24_050000.jpg,0.9954836918304641,0.9993507951289353
929,canadaojp_2016_01_24_052959.jpg,0.9939033474995628,0.9998198104851874
930,canadaojp_2016_01_24_055959.jpg,0.9881659214061693,0.9993810399908714
931,canadaojp_2016_01_24_062959.jpg,0.9930875685345684,0.9999602080175802
932,canadaojp_2016_01_24_065959.jpg,0.9956191631630018,0.9984175765214067
933,canadaojp_2016_01_24_072959.jpg,0.9873619195866241,0.9989370327542835
934,canadaojp_2016_01_24_075959.jpg,0.996263511168231,0.9988361942850024
935,canadaojp_2016_01_24_083000.jpg,0.7502698349163741,0.904785416740532
936,canadaojp_2016_01_24_085959.jpg,0.7925564488797144,0.7615299426355708
937,canadaojp_2016_01_24_093000.jpg,0.7770167241451255,0.7451467748962732
938,canadaojp_2016_01_24_095959.jpg,0.7713014469371257,0.7375081571434264
939,canadaojp_2016_01_24_103000.jpg,0.7705117917042785,0.73869462959457
940,canadaojp_2016_01_24_105959.jpg,0.7692959299981903,0.733840022743216
941,canadaojp_2016_01_24_112959.jpg,0.7769834222871479,0.7418423729987609
942,canadaojp_2016_01_24_115959.jpg,0.7780918889764472,0.7350514819706759
943,canadaojp_2016_01_24_122959.jpg,0.7844400963232152,0.740074659213017
944,canadaojp_2016_01_24_125959.jpg,0.7632564340667647,0.7401548397270313
945,canadaojp_2016_01_24_132959.jpg,0.768240958142988,0.7457009639879064
946,canadaojp_2016_01_24_135959.jpg,0.7605374782412426,0.74904627476174
947,canadaojp_2016_01_24_142959.jpg,0.7791970706864093,0.7562311555011838
948,canadaojp_2016_01_24_150000.jpg,0.780320978418954,0.7555787591652929
949,canadaojp_2016_01_24_152959.jpg,0.7534012406156987,0.7662941851401746
950,canadaojp_2016_01_24_160000.jpg,0.7715605494315269,0.7605673534787327
951,canadaojp_2016_01_24_162959.jpg,0.7677351375470645,0.7628970711508285
952,canadaojp_2016_01_24_170000.jpg,0.7900267442239477,0.7675562467547121
953,canadaojp_2016_01_24_172959.jpg,0.7827772297316731,0.7748624056838529
954,canadaojp_2016_01_24_175959.jpg,0.7727860808377174,0.935928610851394
955,canadaojp_2016_01_24_182959.jpg,0.9917398695303401,0.9999650981742414
956,canadaojp_2016_01_24_185959.jpg,0.9848659502605104,0.997508280061068
957,canadaojp_2016_01_24_192959.jpg,0.9871195797835157,0.9986655301825271
958,canadaojp_2016_01_24_195959.jpg,0.9926770504386835,0.9999998872778784
959,canadaojp_2016_01_24_202959.jpg,0.9930488554238344,0.9999703748486557
960,canadaojp_2016_01_24_205959.jpg,0.996211167976321,0.999020808689864
961,canadaojp_2016_01_24_213000.jpg,0.9932226541433732,0.9999188741964495
962,canadaojp_2016_01_24_215959.jpg,0.9874652420405314,0.9992276316028805
963,canadaojp_2016_01_24_223000.jpg,0.992982884413941,0.9999672754876765
964,canadaojp_2016_01_24_225959.jpg,0.9937581507901394,0.9998609989917797
965,canadaojp_2016_01_24_233000.jpg,0.9913509205027556,0.9999818409907879
966,canadaojp_2016_01_24_235959.jpg,0.9913005336184066,0.9999757308834747
967,canadaojp_2016_01_25_002959.jpg,0.9955560086508637,0.9991158000934452
968,canadaojp_2016_01_25_005959.jpg,0.9954735207529986,0.9991898472051866
969,canadaojp_2016_01_25_012959.jpg,0.9908466380980432,0.9972414926058522
970,canadaojp_2016_01_25_015959.jpg,0.9849804638545796,0.999579196722366
971,canadaojp_2016_01_25_022959.jpg,0.9964698757265891,0.9986346776405963
972,canadaojp_2016_01_25_025959.jpg,0.986809033011179,0.9991238476993217
973,canadaojp_2016_01_25_032959.jpg,0.9908103641506663,0.9999412632669176
974,canadaojp_2016_01_25_040000.jpg,0.992506702243579,0.9999768624525222
975,canadaojp_2016_01_25_042959.jpg,0.9895860628729798,0.9979674475045246
976,canadaojp_2016_01_25_050000.jpg,0.9956712086877446,0.9991654003922017
977,canadaojp_2016_01_25_052959.jpg,0.9964634555654512,0.9987261765534141
978,canadaojp_2016_01_25_060000.jpg,0.9966547665416532,0.9993455189447633
979,canadaojp_2016_01_25_062959.jpg,0.9954283394588144,0.998564091412047
980,canadaojp_2016_01_25_065959.jpg,0.9777511317675935,0.9945325692000535
981,canadaojp_2016_01_25_072959.jpg,0.9881682780101444,0.9992004740086502
982,canadaojp_2016_01_25_075959.jpg,0.9977872238630738,0.9999220982342059
983,canadaojp_2016_01_25_082959.jpg,0.7350989258069225,0.8731113073836334
984,canadaojp_2016_01_25_085959.jpg,0.7920775115565043,0.7800581377228881
985,canadaojp_2016_01_25_092959.jpg,0.8087570961447563,0.7937349767141415
986,canadaojp_2016_01_25_095959.jpg,0.8062779887182218,0.7646988176965954
987,canadaojp_2016_01_25_103000.jpg,0.7827881584321292,0.7795437903827179
988,canadaojp_2016_01_25_105959.jpg,0.7917365389262521,0.7779633281256109
989,canadaojp_2016_01_25_113000.jpg,0.792348989053985,0.7694382602724519
990,canadaojp_2016_01_25_115959.jpg,0.7791418895211477,0.7813671521140588
991,canadaojp_2016_01_25_123000.jpg,0.7856511142552216,0.7843101653042421
992,canadaojp_2016_01_25_125959.jpg,0.7922744865742488,0.769736363704235
993,canadaojp_2016_01_25_132959.jpg,0.7751807185165117,0.7729129666361922
994,canadaojp_2016_01_25_135959.jpg,0.7839719882666953,0.7725837223182419
995,canadaojp_2016_01_25_142959.jpg,0.7934115966235616,0.7622486218900526
996,canadaojp_2016_01_25_145959.jpg,0.8034507070861545,0.7691738388540498
997,canadaojp_2016_01_25_152959.jpg,0.7624271499562656,0.779108015642623
998,canadaojp_2016_01_25_160000.jpg,0.7488054251061125,0.8350565406481072
999,canadaojp_2016_01_25_162959.jpg,0.7553366308807398,0.8464820164222442
1000,canadaojp_2016_01_25_170000.jpg,0.7654021095075856,0.7707036038038033
1001,canadaojp_2016_01_25_172959.jpg,0.7872577373527853,0.7799526887649559
1002,canadaojp_2016_01_25_180000.jpg,0.7738845714015021,0.7499869381846695
1003,canadaojp_2016_01_25_182959.jpg,0.9956832840975329,0.9991326195051548
1004,canadaojp_2016_01_25_190000.jpg,0.9917221615714286,0.994004734880954
1005,canadaojp_2016_01_25_192959.jpg,0.9826923742240051,0.9966656413907669
1006,canadaojp_2016_01_25_195959.jpg,0.9890636594104666,0.9917198145877366
1007,canadaojp_2016_01_25_202959.jpg,0.988809658740009,0.9991765576534675
1008,canadaojp_2016_01_25_205959.jpg,0.9868600148698836,0.9987700555146337
1009,canadaojp_2016_01_25_212959.jpg,0.9918720714005528,0.9999909473610937
1010,canadaojp_2016_01_25_215959.jpg,0.9929420613583342,0.9999663081219575
1011,canadaojp_2016_01_25_223000.jpg,0.9939723652788827,0.9998309020445508
1012,canadaojp_2016_01_25_225959.jpg,0.9966090111557057,0.9985216798329162
1013,canadaojp_2016_01_25_233000.jpg,0.9943943847269454,0.9996126788173276
1014,canadaojp_2016_01_25_235959.jpg,0.9973433872011299,0.9998355713678773
1015,canadaojp_2016_01_26_003000.jpg,0.9902725410970028,0.9999164132672214
1016,canadaojp_2016_01_26_005959.jpg,0.9932493328672491,0.9998491870571679
1017,canadaojp_2016_01_26_013000.jpg,0.9957285927432524,0.9990600208610425
1018,canadaojp_2016_01_26_015959.jpg,0.9972507654124707,0.9978390581818053
1019,canadaojp_2016_01_26_022959.jpg,0.9944032828403321,0.9996840294645555
1020,canadaojp_2016_01_26_025959.jpg,0.9952587650142778,0.9992984410412799
1021,canadaojp_2016_01_26_032959.jpg,0.9976206748759208,0.9973009087484306
1022,canadaojp_2016_01_26_035959.jpg,0.9947666892558618,0.999504624258615
1023,canadaojp_2016_01_26_042959.jpg,0.9969746543030453,0.9981434746106745
1024,canadaojp_2016_01_26_050000.jpg,0.9968643746881988,0.9982987542348603
1025,canadaojp_2016_01_26_052959.jpg,0.9908787061645588,0.9999716952241928
1026,canadaojp_2016_01_26_060000.jpg,0.9951291738710195,0.9994093081694102
1027,canadaojp_2016_01_26_062959.jpg,0.9937513159406813,0.9998455174515664
1028,canadaojp_2016_01_26_070000.jpg,0.9956470071171295,0.999266613502801
1029,canadaojp_2016_01_26_072959.jpg,0.9966846825174067,0.9991813691368574
1030,canadaojp_2016_01_26_080000.jpg,0.9985519010258777,0.999946580395321
1031,canadaojp_2016_01_26_082959.jpg,0.7282484989855076,0.7021967012941936
1032,canadaojp_2016_01_26_085959.jpg,0.7532242996928642,0.7277836808030216
1033,canadaojp_2016_01_26_092959.jpg,0.7608385814004288,0.7240091908491948
1034,canadaojp_2016_01_26_095959.jpg,0.734000756443186,0.7390674624525593
1035,canadaojp_2016_01_26_102959.jpg,0.7291365226124576,0.7604147863789025
1036,canadaojp_2016_01_26_105959.jpg,0.6670486194520653,0.9020803228000764
1037,canadaojp_2016_01_26_113000.jpg,0.49489526687876073,0.9881187745355067
1038,canadaojp_2016_01_26_115959.jpg,0.644567504253154,0.9032945372470838
1039,canadaojp_2016_01_26_123000.jpg,0.7495620944632342,0.9997930556398373
1040,canadaojp_2016_01_26_125959.jpg,0.5527200126889662,0.8682862150729969
1041,canadaojp_2016_01_26_133000.jpg,0.5578852763979035,0.9999036838096187
1042,canadaojp_2016_01_26_135959.jpg,0.7230849436388482,0.7726912620274553
1043,canadaojp_2016_01_26_143000.jpg,0.7724828762152653,0.76523361663936
1044,canadaojp_2016_01_26_145959.jpg,0.7896569910313708,0.7643212752302087
1045,canadaojp_2016_01_26_152959.jpg,0.7740803958078915,0.7549182714283313
1046,canadaojp_2016_01_26_155959.jpg,0.7484593955094425,0.7569244793682579
1047,canadaojp_2016_01_26_162959.jpg,0.7668868310713821,0.7374568150080358
1048,canadaojp_2016_01_26_165959.jpg,0.7753256993427156,0.7371339509785626
1049,canadaojp_2016_01_26_172959.jpg,0.7918271418144045,0.7661848407986936
1050,canadaojp_2016_01_26_180000.jpg,0.7654364362494254,0.7368989867826427
1051,canadaojp_2016_01_26_182959.jpg,0.9942198641038904,0.9997448312699716
1052,canadaojp_2016_01_26_190000.jpg,0.9627748127932361,0.9960277737062962
1053,canadaojp_2016_01_26_192959.jpg,0.9856349393330779,0.9981750736520214
1054,canadaojp_2016_01_26_200000.jpg,0.9884842477786402,0.9911407948222002
1055,canadaojp_2016_01_26_202959.jpg,0.9822931449584842,0.996505497272326
1056,canadaojp_2016_01_26_210000.jpg,0.9778580295911816,0.9939132105652075
1057,canadaojp_2016_01_26_212959.jpg,0.9836633652152726,0.997062858966735
1058,canadaojp_2016_01_26_215959.jpg,0.9816474368883077,0.9961827047750308
1059,canadaojp_2016_01_26_222959.jpg,0.9792943447315883,0.9949875760304244
1060,canadaojp_2016_01_26_225959.jpg,0.9883677246152336,0.9991088728452626
1061,canadaojp_2016_01_26_232959.jpg,0.9899528751922633,0.9930419609307019
1062,canadaojp_2016_01_26_235959.jpg,0.9778418497572455,0.9938808607199652
1063,canadaojp_2016_01_27_003000.jpg,0.9774223346596933,0.9936911223479405
1064,canadaojp_2016_01_27_005959.jpg,0.9896654589775997,0.9995434989285187
1065,canadaojp_2016_01_27_013000.jpg,0.9948306002622884,0.9976738131055015
1066,canadaojp_2016_01_27_015959.jpg,0.9885005138363475,0.9994913129568916
1067,canadaojp_2016_01_27_023000.jpg,0.9959549761094166,0.9991880079029356
1068,canadaojp_2016_01_27_025959.jpg,0.9918261672698296,0.9999964211948342
1069,canadaojp_2016_01_27_032959.jpg,0.9948189386743727,0.9995234147203049
1070,canadaojp_2016_01_27_035959.jpg,0.9958233794633575,0.9993245363026361
1071,canadaojp_2016_01_27_042959.jpg,0.9976600080123029,0.9983337456667061
1072,canadaojp_2016_01_27_045959.jpg,0.9938737685454508,0.9999326557819678
1073,canadaojp_2016_01_27_052959.jpg,0.995117099994504,0.9997728948677806
1074,canadaojp_2016_01_27_055959.jpg,0.9935748914117147,0.9999748320977355
1075,canadaojp_2016_01_27_062959.jpg,0.9877378775241357,0.9992704561498096
1076,canadaojp_2016_01_27_070000.jpg,0.9968673975669233,0.9992525551121818
1077,canadaojp_2016_01_27_072959.jpg,0.9909169068215395,0.9997626620696696
1078,canadaojp_2016_01_27_080000.jpg,0.07793179983810494,0.9994650572540735
1079,canadaojp_2016_01_27_082959.jpg,0.7406328765476001,0.6764646382824461
1080,canadaojp_2016_01_27_090000.jpg,0.7381258286049626,0.6927824728271734
1081,canadaojp_2016_01_27_092959.jpg,0.7021331191079601,0.6462934803748256
1082,canadaojp_2016_01_27_095959.jpg,0.7702237263540217,0.6783290733440952
1083,canadaojp_2016_01_27_102959.jpg,0.7168659161180961,0.6505869573516541
1084,canadaojp_2016_01_27_105959.jpg,0.7538727056050865,0.6897273838004077
1085,canadaojp_2016_01_27_112959.jpg,0.7541847489716527,0.6855850734632162
1086,canadaojp_2016_01_27_115959.jpg,0.7394086596214688,0.6802862112463096
1087,canadaojp_2016_01_27_122959.jpg,0.7279103245488185,0.667343056875243
1088,canadaojp_2016_01_27_125959.jpg,0.7511424156342319,0.6914198464667061
1089,canadaojp_2016_01_27_133000.jpg,0.745704693394474,0.6945609875703461
1090,canadaojp_2016_01_27_135959.jpg,0.7609138214136196,0.6760875501678769
1091,canadaojp_2016_01_27_143000.jpg,0.7340501727754889,0.6745763131347071
1092,canadaojp_2016_01_27_145959.jpg,0.7430827675334126,0.6847292681288717
1093,canadaojp_2016_01_27_153000.jpg,0.7568712623992497,0.6839956946104
1094,canadaojp_2016_01_27_155959.jpg,0.7764890967784587,0.687775276546914
1095,canadaojp_2016_01_27_162959.jpg,0.748226556692144,0.6719289627202564
1096,canadaojp_2016_01_27_165959.jpg,0.7509466923281661,0.6827898997198162
1097,canadaojp_2016_01_27_172959.jpg,0.7622829987402125,0.7080503948193196
1098,canadaojp_2016_01_27_175959.jpg,0.7403408490012746,0.6897192324971904
1099,canadaojp_2016_01_27_182959.jpg,0.9994534691956818,0.9994369153985272
1100,canadaojp_2016_01_27_185959.jpg,0.9819126738016101,0.9962463474144019
1101,canadaojp_2016_01_27_192959.jpg,0.9850481654976582,0.9975185916470186
1102,canadaojp_2016_01_27_200000.jpg,0.9806863479617622,0.9951312280585696
1103,canadaojp_2016_01_27_202959.jpg,0.9884737849076786,0.9901448619176971
1104,canadaojp_2016_01_27_210000.jpg,0.9828163663053509,0.9964894289861401
1105,canadaojp_2016_01_27_212959.jpg,0.9730802232055953,0.9905458628571666
1106,canadaojp_2016_01_27_220000.jpg,0.9768600712068567,0.9932498492728614
1107,canadaojp_2016_01_27_222959.jpg,0.9829993863196365,0.9966462036257853
1108,canadaojp_2016_01_27_225959.jpg,0.9867666798089423,0.9985865230437654
1109,canadaojp_2016_01_27_232959.jpg,0.9848432618257892,0.9976419155220702
1110,canadaojp_2016_01_27_235959.jpg,0.9819695682652263,0.9964286506790495
1111,canadaojp_2016_01_28_002959.jpg,0.9856946499312735,0.9980172405176229
1112,canadaojp_2016_01_28_005959.jpg,0.9803832861914801,0.9956252129040692
1113,canadaojp_2016_01_28_012959.jpg,0.9885561952004223,0.9993137516055035
1114,canadaojp_2016_01_28_015959.jpg,0.9936017285614068,0.9999780880681965
1115,canadaojp_2016_01_28_023000.jpg,0.9890738488735968,0.9994488046819539
1116,canadaojp_2016_01_28_025959.jpg,0.9934826993877341,0.9999849925652984
1117,canadaojp_2016_01_28_033000.jpg,0.9888462878504412,0.9994115034722232
1118,canadaojp_2016_01_28_035959.jpg,0.9865777538658758,0.9986489611289281
1119,canadaojp_2016_01_28_043000.jpg,0.9864102292546317,0.9988109385105652
1120,canadaojp_2016_01_28_045959.jpg,0.9922231830031746,0.9999779063519573
1121,canadaojp_2016_01_28_052959.jpg,0.9909467914850437,0.9998570122709451
1122,canadaojp_2016_01_28_055959.jpg,0.9864039108803868,0.9985007426331848
1123,canadaojp_2016_01_28_062959.jpg,0.9881399831459045,0.9992419236855052
1124,canadaojp_2016_01_28_065959.jpg,0.9876814280086385,0.999017977139301
1125,canadaojp_2016_01_28_072959.jpg,0.9934433617857081,0.9999897442638829
1126,canadaojp_2016_01_28_080000.jpg,0.9945375008718953,0.9996359559323483
1127,canadaojp_2016_01_28_082959.jpg,0.7472040921952388,0.6539437850792164
1128,canadaojp_2016_01_28_090000.jpg,0.7651560127052576,0.6712268237439629
1129,canadaojp_2016_01_28_092959.jpg,0.7513558249651968,0.656373046499051
1130,canadaojp_2016_01_28_100000.jpg,0.7491273289530013,0.6712860784971583
1131,canadaojp_2016_01_28_102959.jpg,0.7643077939112162,0.682401096154096
1132,canadaojp_2016_01_28_110000.jpg,0.7641471128361219,0.6950610044516881
1133,canadaojp_2016_01_28_112959.jpg,0.7559933738740515,0.7187574228949012
1134,canadaojp_2016_01_28_115959.jpg,0.752385730733512,0.726047379231026
1135,canadaojp_2016_01_28_122959.jpg,0.7232179395932135,0.736641846135262
1136,canadaojp_2016_01_28_125959.jpg,0.7798861439199904,0.7192242147637127
1137,canadaojp_2016_01_28_132959.jpg,0.8019272057251308,0.7974081348003275
1138,canadaojp_2016_01_28_135959.jpg,0.9056169355840827,0.8548667759146955
1139,canadaojp_2016_01_28_143000.jpg,0.7006915060520293,0.9427598950938348
1140,canadaojp_2016_01_28_145959.jpg,0.7175205909460423,0.9993123975097198
1141,canadaojp_2016_01_28_153000.jpg,0.6545004562284734,0.976426402434858
1142,canadaojp_2016_01_28_155959.jpg,0.6801670632548925,0.6845150804222878
1143,canadaojp_2016_01_28_163000.jpg,0.4452007660716579,0.9849157046355913
1144,canadaojp_2016_01_28_165959.jpg,0.6852177351556726,0.6712860784971583
1145,canadaojp_2016_01_28_173000.jpg,0.7211806285600761,0.673414566132579
1146,canadaojp_2016_01_28_175959.jpg,0.7144701775933158,0.6718528749885997
1147,canadaojp_2016_01_28_182959.jpg,0.9977016014370103,0.9996428227875014
1148,canadaojp_2016_01_28_185959.jpg,0.9903130656638953,0.992545310228454
1149,canadaojp_2016_01_28_192959.jpg,0.989592690903562,0.9914692892344614
1150,canadaojp_2016_01_28_195959.jpg,0.9906812697374568,0.99287686565811
1151,canadaojp_2016_01_28_202959.jpg,0.9860528367441683,0.9982450432656604
1152,canadaojp_2016_01_28_210000.jpg,0.9883817386168376,0.9989617361040852
1153,canadaojp_2016_01_28_212959.jpg,0.9815870839414647,0.9957744642675594
1154,canadaojp_2016_01_28_220000.jpg,0.9777965142915048,0.9936643679933612
1155,canadaojp_2016_01_28_222959.jpg,0.9846866461136174,0.9974511834873845
1156,canadaojp_2016_01_28_230000.jpg,0.986119326608346,0.9981228175910544
1157,canadaojp_2016_01_28_232959.jpg,0.987634487654934,0.9986087779090997
1158,canadaojp_2016_01_29_000000.jpg,0.9789678320341852,0.9945287419752173
1159,canadaojp_2016_01_29_002959.jpg,0.9780919628009248,0.9941203938812492
1160,canadaojp_2016_01_29_005959.jpg,0.9884248948499563,0.9903635885311438
1161,canadaojp_2016_01_29_012959.jpg,0.9886648433109162,0.9993596502474063
1162,canadaojp_2016_01_29_015959.jpg,0.9830757049302982,0.9968474763208398
1163,canadaojp_2016_01_29_022959.jpg,0.9894029591222893,0.9994948024906204
1164,canadaojp_2016_01_29_025959.jpg,0.9876284631493248,0.9990041657022926
1165,canadaojp_2016_01_29_033000.jpg,0.9827095034026115,0.9969045556694054
1166,canadaojp_2016_01_29_035959.jpg,0.9867142665534208,0.9987178635562426
1167,canadaojp_2016_01_29_043000.jpg,0.9869183349363673,0.9987206375621038
1168,canadaojp_2016_01_29_045959.jpg,0.9893906950492722,0.999505773419902
1169,canadaojp_2016_01_29_053000.jpg,0.9865413153531626,0.9985147171414694
1170,canadaojp_2016_01_29_055959.jpg,0.9904193023437258,0.9997381872082634
1171,canadaojp_2016_01_29_063000.jpg,0.997708841877599,0.999226554313308
1172,canadaojp_2016_01_29_065959.jpg,0.9917211772367747,0.9998742190952757
1173,canadaojp_2016_01_29_072959.jpg,0.9918954616696052,0.999934654201299
1174,canadaojp_2016_01_29_075959.jpg,0.3818946496958314,0.9996491405952017
1175,canadaojp_2016_01_29_082959.jpg,0.6888470149300991,0.6355259293358452
1176,canadaojp_2016_01_29_085959.jpg,0.7002121985937122,0.6622928438725594
1177,canadaojp_2016_01_29_092959.jpg,0.7784846042439098,0.9185047477277948
1178,canadaojp_2016_01_29_100000.jpg,0.7020070726635504,0.6669675345926417
1179,canadaojp_2016_01_29_102959.jpg,0.7049370948121991,0.6708457321289079
1180,canadaojp_2016_01_29_110000.jpg,0.7508220922685251,0.6697261822090952
1181,canadaojp_2016_01_29_112959.jpg,0.7319387482166699,0.664639885771168
1182,canadaojp_2016_01_29_120000.jpg,0.6777511516436548,0.658061501294584
1183,canadaojp_2016_01_29_122959.jpg,0.7355731053062472,0.6825665824196401
1184,canadaojp_2016_01_29_125959.jpg,0.7351420547623885,0.680394250624353
1185,canadaojp_2016_01_29_132959.jpg,0.7509051631984464,0.6724359172452952
1186,canadaojp_2016_01_29_135959.jpg,0.735677723449219,0.6693609381946231
1187,canadaojp_2016_01_29_142959.jpg,0.7381747695833767,0.6665917316511993
1188,canadaojp_2016_01_29_145959.jpg,0.7508754969486315,0.6594585254231206
1189,canadaojp_2016_01_29_152959.jpg,0.752988258294012,0.6680506651471556
1190,canadaojp_2016_01_29_155959.jpg,0.7041650463180067,0.6294216756756084
1191,canadaojp_2016_01_29_163000.jpg,0.7307577958108531,0.6584697231871753
1192,canadaojp_2016_01_29_165959.jpg,0.7405416396792877,0.6634720235536974
1193,canadaojp_2016_01_29_173000.jpg,0.7419929982359711,0.6664720990963324
1194,canadaojp_2016_01_29_175959.jpg,0.7331845651837533,0.6669675345926417
1195,canadaojp_2016_01_29_183000.jpg,0.99628065820434,0.9991299544997267
1196,canadaojp_2016_01_29_185959.jpg,0.9765146722848461,0.9928703088294848
1197,canadaojp_2016_01_29_192959.jpg,0.9787608613233711,0.9944557693024779
1198,canadaojp_2016_01_29_195959.jpg,0.9859733506993464,0.9980333187621823
1199,canadaojp_2016_01_29_202959.jpg,0.980662191027626,0.9954376159031271
1200,canadaojp_2016_01_29_205959.jpg,0.9863482452609138,0.998170655081924
1201,canadaojp_2016_01_29_212959.jpg,0.9810857153360667,0.995378896029598
1202,canadaojp_2016_01_29_215959.jpg,0.9816312544847187,0.9959417386144365
1203,canadaojp_2016_01_29_222959.jpg,0.9722773357534378,0.9899976710885822
1204,canadaojp_2016_01_29_230000.jpg,0.9776488490166964,0.9934430469505087
1205,canadaojp_2016_01_29_232959.jpg,0.9777414008183871,0.9936344595184313
1206,canadaojp_2016_01_30_000000.jpg,0.9792583674129591,0.9949315546690909
1207,canadaojp_2016_01_30_002959.jpg,0.9704071350615919,0.9883158172209399
1208,canadaojp_2016_01_30_010000.jpg,0.9897182197089874,0.9917821526586785
1209,canadaojp_2016_01_30_012959.jpg,0.9798872490205371,0.9952790076247178
1210,canadaojp_2016_01_30_015959.jpg,0.9845831302693979,0.9974400787937573
1211,canadaojp_2016_01_30_022959.jpg,0.9867679264692812,0.9986294215250631
1212,canadaojp_2016_01_30_025959.jpg,0.9783694189875545,0.9942319741070875
1213,canadaojp_2016_01_30_032959.jpg,0.9839958282767216,0.9975134385312459
1214,canadaojp_2016_01_30_035959.jpg,0.9938737685454508,0.9969980545015401
1215,canadaojp_2016_01_30_042959.jpg,0.9817032841597322,0.9966656413907669
1216,canadaojp_2016_01_30_045959.jpg,0.981672431849544,0.997076853130973
1217,canadaojp_2016_01_30_053000.jpg,0.9845575331812317,0.9978504569311271
1218,canadaojp_2016_01_30_055959.jpg,0.9885967103218407,0.9989621523000665
1219,canadaojp_2016_01_30_063000.jpg,0.9833442528454296,0.9967935355376034
1220,canadaojp_2016_01_30_065959.jpg,0.9940801435100566,0.9999707950610823
1221,canadaojp_2016_01_30_073000.jpg,0.9940083998382636,0.9999677172116075
1222,canadaojp_2016_01_30_075959.jpg,0.825713080713012,0.9358148586118272
1223,canadaojp_2016_01_30_082959.jpg,0.682087096660831,0.6385204637956966
1224,canadaojp_2016_01_30_085959.jpg,0.7012168482643912,0.6639446456225523
1225,canadaojp_2016_01_30_092959.jpg,0.7810683584897374,0.9136238745440934
1226,canadaojp_2016_01_30_095959.jpg,0.5193632724561017,0.9718435336415961
1227,canadaojp_2016_01_30_102959.jpg,0.5836820409587442,0.9937013973446016
1228,canadaojp_2016_01_30_105959.jpg,0.5371475529598726,0.999544602036828
1229,canadaojp_2016_01_30_112959.jpg,0.7673368357243606,0.999095714248861
1230,canadaojp_2016_01_30_120000.jpg,0.8456138679514222,0.9977803940838288
1231,canadaojp_2016_01_30_122959.jpg,0.8147721413962075,0.9996618445746007
1232,canadaojp_2016_01_30_130000.jpg,0.5569795991373708,0.9997825214251495
1233,canadaojp_2016_01_30_132959.jpg,0.5090513599814923,0.9997118540344698
1234,canadaojp_2016_01_30_140000.jpg,0.49945528811164985,0.9987381364416094
1235,canadaojp_2016_01_30_142959.jpg,0.48064508002804396,0.999995293679679
1236,canadaojp_2016_01_30_145959.jpg,0.4917879628996279,0.9999538641459175
1237,canadaojp_2016_01_30_152959.jpg,0.4864176921894663,0.9999598815176045
1238,canadaojp_2016_01_30_155959.jpg,0.5067350113193483,0.9998854004248142
1239,canadaojp_2016_01_30_162959.jpg,0.8151353872621763,0.9940816347506831
1240,canadaojp_2016_01_30_183000.jpg,0.8688888681767086,0.7682367333496731
1241,canadaojp_2016_01_30_190000.jpg,0.9657156401529772,0.9847798787876643
1242,canadaojp_2016_01_30_192959.jpg,0.9750245672725012,0.9920707004617281
1243,canadaojp_2016_01_30_200000.jpg,0.9869517787553601,0.9985473978954491
1244,canadaojp_2016_01_30_202959.jpg,0.9842691071969971,0.9975525958012399
1245,canadaojp_2016_01_30_210000.jpg,0.9885770405937669,0.990385198237751
1246,canadaojp_2016_01_30_212959.jpg,0.9818776167100283,0.9960122739484667
1247,canadaojp_2016_01_30_220000.jpg,0.9808129208083691,0.9954794522940987
1248,canadaojp_2016_01_30_222959.jpg,0.976211991918762,0.9926843795345615
1249,canadaojp_2016_01_30_225959.jpg,0.9786307836893242,0.9945162942112753
1250,canadaojp_2016_01_30_232959.jpg,0.9758769361341548,0.9922563876228683
1251,canadaojp_2016_01_30_235959.jpg,0.9806108067284742,0.9955608219576351
1252,canadaojp_2016_01_31_002959.jpg,0.989124724411199,0.9908296409619638
1253,canadaojp_2016_01_31_005959.jpg,0.9889273426072123,0.99126229059059
1254,canadaojp_2016_01_31_013000.jpg,0.9850627475527187,0.9976738131055015
1255,canadaojp_2016_01_31_015959.jpg,0.9845992857934248,0.9976469334517175
1256,canadaojp_2016_01_31_023000.jpg,0.9883150962657063,0.9990612085857172
1257,canadaojp_2016_01_31_025959.jpg,0.9882329919002933,0.9990349050795744
1258,canadaojp_2016_01_31_033000.jpg,0.9829809873727064,0.9967693330118967
1259,canadaojp_2016_01_31_035959.jpg,0.9838417525500555,0.9972888081712747
1260,canadaojp_2016_01_31_042959.jpg,0.9868003188349792,0.9985655597328587
1261,canadaojp_2016_01_31_045959.jpg,0.9879778141969755,0.998995996243327
1262,canadaojp_2016_01_31_052959.jpg,0.9887396668597104,0.9990437133215313
1263,canadaojp_2016_01_31_055959.jpg,0.992193584284596,0.9999572214914532
1264,canadaojp_2016_01_31_062959.jpg,0.9879362060863945,0.999018381896988
1265,canadaojp_2016_01_31_065959.jpg,0.9896478418448912,0.999398903812351
1266,canadaojp_2016_01_31_072959.jpg,0.992600962992794,0.9999755396622543
1267,canadaojp_2016_01_31_080000.jpg,0.8910224574571071,0.993408416288563
1268,canadaojp_2016_01_31_082959.jpg,0.767598623103212,0.9916997691757549
1269,canadaojp_2016_01_31_090000.jpg,0.6861927876101969,0.6862259358111942
1270,canadaojp_2016_01_31_092959.jpg,0.7695677121847355,0.6819954171344877
1271,canadaojp_2016_01_31_100000.jpg,0.768683717339508,0.6850174483716169
1272,canadaojp_2016_01_31_102959.jpg,0.7451274800295032,0.680194774678366
1273,canadaojp_2016_01_31_105959.jpg,0.760444785037448,0.6881516124134766
1274,canadaojp_2016_01_31_112959.jpg,0.7348400607743331,0.6838554476207436
1275,canadaojp_2016_01_31_115959.jpg,0.7456446044303333,0.6807099213028389
1276,canadaojp_2016_01_31_122959.jpg,0.7499904532651525,0.6882906186208381
1277,canadaojp_2016_01_31_125959.jpg,0.7468027858818373,0.6840534315995381
1278,canadaojp_2016_01_31_132959.jpg,0.7560519595256538,0.6817468755342411
1279,canadaojp_2016_01_31_135959.jpg,0.7545847540167103,0.6871446642637995
1280,canadaojp_2016_01_31_143000.jpg,0.7443083868083099,0.6918663730267585
1281,canadaojp_2016_01_31_145959.jpg,0.7398293136093479,0.6868905483300449
1282,canadaojp_2016_01_31_153000.jpg,0.7502876613149068,0.6844821200694082
1283,canadaojp_2016_01_31_155959.jpg,0.7412406175449477,0.6905418147691634
1284,canadaojp_2016_01_31_163000.jpg,0.745368083101595,0.6866609091751785
1285,canadaojp_2016_01_31_165959.jpg,0.7521610310761295,0.7000003612501259
1286,canadaojp_2016_01_31_172959.jpg,0.7701107004359895,0.7000561932165205
1287,canadaojp_2016_01_31_175959.jpg,0.7602651302286083,0.7029265230291395
1288,canadaojp_2016_01_31_182959.jpg,0.7909040414655548,0.9174573411364276
1289,canadaojp_2016_01_31_185959.jpg,0.9862873881871919,0.9984031528335869
1290,canadaojp_2016_01_31_192959.jpg,0.983625902973192,0.9970963887056775
1291,canadaojp_2016_01_31_195959.jpg,0.986882365681121,0.9985251550380347
1292,canadaojp_2016_01_31_202959.jpg,0.9854838069790659,0.9978951572262718
1293,canadaojp_2016_01_31_210000.jpg,0.9845427040046466,0.9973914589901288
1294,canadaojp_2016_01_31_212959.jpg,0.975450928902078,0.992470227242775
1295,canadaojp_2016_01_31_220000.jpg,0.9882447388387767,0.9989056380001001
1296,canadaojp_2016_01_31_222959.jpg,0.9726352590350975,0.9901410025494821
1297,canadaojp_2016_01_31_230000.jpg,0.9752356464532204,0.9922084589092177
1298,canadaojp_2016_01_31_232959.jpg,0.9777754496864176,0.9938616122596242
1299,canadaojp_2016_01_31_235959.jpg,0.9765846258777591,0.9929759392718163
