image,mean,variance
canadaojp_2016_01_01_002959.jpg,0.0,0.0
canadaojp_2016_01_01_005959.jpg,0.0,0.0
canadaojp_2016_01_01_012959.jpg,0.0,0.0
canadaojp_2016_01_01_015959.jpg,0.0,0.0
canadaojp_2016_01_01_022959.jpg,0.0,0.0
canadaojp_2016_01_01_025959.jpg,0.0,0.0
canadaojp_2016_01_01_032959.jpg,0.0,0.0
canadaojp_2016_01_01_040000.jpg,0.0,0.0
canadaojp_2016_01_01_042959.jpg,0.0,0.0
canadaojp_2016_01_01_050000.jpg,0.0,0.0
canadaojp_2016_01_01_052959.jpg,0.0,0.0
canadaojp_2016_01_01_060000.jpg,0.0,0.0
canadaojp_2016_01_01_062959.jpg,0.0,0.0
canadaojp_2016_01_01_065959.jpg,0.0,0.0
canadaojp_2016_01_01_072959.jpg,0.0,0.0
canadaojp_2016_01_01_075959.jpg,0.0,0.0
canadaojp_2016_01_01_082959.jpg,0.0,0.0
canadaojp_2016_01_01_085959.jpg,46.052941664443935,1722.4868513630263
canadaojp_2016_01_01_092959.jpg,64.5207821311538,3002.6623207798284
canadaojp_2016_01_01_095959.jpg,85.64069029270182,4903.733786424942
canadaojp_2016_01_01_103000.jpg,84.83944584158918,5380.9001594017955
canadaojp_2016_01_01_105959.jpg,79.4121775453437,5207.111445801909
canadaojp_2016_01_01_113000.jpg,69.07867591957528,3974.5281413595208
canadaojp_2016_01_01_115959.jpg,71.80385040390185,4106.411813179522
canadaojp_2016_01_01_123000.jpg,72.4548077258929,4278.945723099986
canadaojp_2016_01_01_125959.jpg,74.9698530298989,4927.516852362753
canadaojp_2016_01_01_132959.jpg,69.37046185953615,4077.7705938889876
canadaojp_2016_01_01_135959.jpg,73.79924121545243,4066.2910885223905
canadaojp_2016_01_01_142959.jpg,71.18223034312605,3671.265675696069
canadaojp_2016_01_01_145959.jpg,75.27585650529645,4222.962753536822
canadaojp_2016_01_01_152959.jpg,79.41002784763502,4224.597287829461
canadaojp_2016_01_01_155959.jpg,86.17862416171316,4470.229521020878
canadaojp_2016_01_01_162959.jpg,83.5958467094066,4264.665310039271
canadaojp_2016_01_01_170000.jpg,72.35797845062999,4303.431230278975
canadaojp_2016_01_01_172959.jpg,40.975763706307475,828.2325847477648
canadaojp_2016_01_01_180000.jpg,0.0,0.0
canadaojp_2016_01_01_182959.jpg,0.0,0.0
canadaojp_2016_01_01_190000.jpg,0.0,0.0
canadaojp_2016_01_01_192959.jpg,0.0,0.0
canadaojp_2016_01_01_195959.jpg,0.0,0.0
canadaojp_2016_01_01_202959.jpg,0.0,0.0
canadaojp_2016_01_01_205959.jpg,0.0,0.0
canadaojp_2016_01_01_212959.jpg,0.0,0.0
canadaojp_2016_01_01_215959.jpg,0.0,0.0
canadaojp_2016_01_01_222959.jpg,0.0,0.0
canadaojp_2016_01_01_225959.jpg,0.0,0.0
canadaojp_2016_01_01_233000.jpg,0.0,0.0
canadaojp_2016_01_01_235959.jpg,0.0,0.0
canadaojp_2016_01_02_003000.jpg,0.0,0.0
canadaojp_2016_01_02_005959.jpg,0.0,0.0
canadaojp_2016_01_02_013000.jpg,0.0,0.0
canadaojp_2016_01_02_015959.jpg,0.0,0.0
canadaojp_2016_01_02_022959.jpg,0.0,0.0
canadaojp_2016_01_02_025959.jpg,0.0,0.0
canadaojp_2016_01_02_032959.jpg,0.0,0.0
canadaojp_2016_01_02_035959.jpg,0.0,0.0
canadaojp_2016_01_02_042959.jpg,0.0,0.0
canadaojp_2016_01_02_045959.jpg,0.0,0.0
canadaojp_2016_01_02_052959.jpg,0.0,0.0
canadaojp_2016_01_02_060000.jpg,0.0,0.0
canadaojp_2016_01_02_062959.jpg,0.0,0.0
canadaojp_2016_01_02_070000.jpg,0.0,0.0
canadaojp_2016_01_02_072959.jpg,0.0,0.0
canadaojp_2016_01_02_080000.jpg,0.0,0.0
canadaojp_2016_01_02_082959.jpg,0.0,0.0
canadaojp_2016_01_02_085959.jpg,54.70972472279378,2700.167723851753
canadaojp_2016_01_02_092959.jpg,72.22775503448408,3658.302053184391
canadaojp_2016_01_02_095959.jpg,94.31034355471726,5781.061475324927
canadaojp_2016_01_02_102959.jpg,84.69351526380633,5373.134444306984
canadaojp_2016_01_02_105959.jpg,80.36368828748158,5465.735505765399
canadaojp_2016_01_02_113000.jpg,66.04393484383732,3893.583282262203
canadaojp_2016_01_02_115959.jpg,75.81592002775237,4890.7058576558875
canadaojp_2016_01_02_123000.jpg,69.85950558540365,4161.830960129985
canadaojp_2016_01_02_125959.jpg,69.90426879318447,4414.700225658543
canadaojp_2016_01_02_133000.jpg,69.06116556800285,4081.175924442905
canadaojp_2016_01_02_135959.jpg,74.74912995986384,4741.240094598158
canadaojp_2016_01_02_143000.jpg,73.39562455545395,4637.958903625136
canadaojp_2016_01_02_145959.jpg,80.49584805892141,5407.972205777434
canadaojp_2016_01_02_152959.jpg,83.52853330761317,5173.451261801053
canadaojp_2016_01_02_155959.jpg,94.33821401240918,6559.5788171495
canadaojp_2016_01_02_162959.jpg,121.75192782159732,8258.639617284174
canadaojp_2016_01_02_165959.jpg,54.289220274157906,2508.781594839402
canadaojp_2016_01_02_172959.jpg,41.90932133694051,951.2339712307232
canadaojp_2016_01_02_180000.jpg,0.0,0.0
canadaojp_2016_01_02_182959.jpg,0.0,0.0
canadaojp_2016_01_02_190000.jpg,0.0,0.0
canadaojp_2016_01_02_192959.jpg,0.0,0.0
canadaojp_2016_01_02_200000.jpg,0.0,0.0
canadaojp_2016_01_02_202959.jpg,0.0,0.0
canadaojp_2016_01_02_210000.jpg,0.0,0.0
canadaojp_2016_01_02_212959.jpg,0.0,0.0
canadaojp_2016_01_02_215959.jpg,0.0,0.0
canadaojp_2016_01_02_222959.jpg,0.0,0.0
canadaojp_2016_01_02_225959.jpg,0.0,0.0
canadaojp_2016_01_02_232959.jpg,0.0,0.0
canadaojp_2016_01_02_235959.jpg,0.0,0.0
canadaojp_2016_01_03_003000.jpg,0.0,0.0
canadaojp_2016_01_03_005959.jpg,0.0,0.0
canadaojp_2016_01_03_013000.jpg,0.0,0.0
canadaojp_2016_01_03_015959.jpg,0.0,0.0
canadaojp_2016_01_03_023000.jpg,0.0,0.0
canadaojp_2016_01_03_025959.jpg,0.0,0.0
canadaojp_2016_01_03_033000.jpg,0.0,0.0
canadaojp_2016_01_03_035959.jpg,0.0,0.0
canadaojp_2016_01_03_042959.jpg,0.0,0.0
canadaojp_2016_01_03_045959.jpg,0.0,0.0
canadaojp_2016_01_03_052959.jpg,0.0,0.0
canadaojp_2016_01_03_055959.jpg,0.0,0.0
canadaojp_2016_01_03_062959.jpg,0.0,0.0
canadaojp_2016_01_03_070000.jpg,0.0,0.0
canadaojp_2016_01_03_072959.jpg,0.0,0.0
canadaojp_2016_01_03_080000.jpg,0.0,0.0
canadaojp_2016_01_03_082959.jpg,0.0,0.0
canadaojp_2016_01_03_090000.jpg,49.91572002171925,2483.6144214877095
canadaojp_2016_01_03_092959.jpg,60.35770219701011,2951.4857943831994
canadaojp_2016_01_03_100000.jpg,98.33206756782502,6146.4243005399185
canadaojp_2016_01_03_102959.jpg,88.78715988257633,5783.983411004288
canadaojp_2016_01_03_105959.jpg,77.86200417238226,5186.4520838852895
canadaojp_2016_01_03_112959.jpg,67.31918208288879,4157.731756993716
canadaojp_2016_01_03_115959.jpg,73.39362112133567,4750.0560147971955
canadaojp_2016_01_03_122959.jpg,75.10918388488797,5110.3815852918615
canadaojp_2016_01_03_125959.jpg,74.37779230490779,5370.372027537301
canadaojp_2016_01_03_133000.jpg,72.83668687763553,4620.760406346546
canadaojp_2016_01_03_135959.jpg,73.57278826430168,4636.671182683243
canadaojp_2016_01_03_143000.jpg,72.45785306482752,4570.059606316979
canadaojp_2016_01_03_145959.jpg,78.76221926122797,5310.037943225888
canadaojp_2016_01_03_153000.jpg,86.80526104379413,5380.656712893865
canadaojp_2016_01_03_155959.jpg,96.39821780692729,6809.3827020532435
canadaojp_2016_01_03_163000.jpg,116.7705598581263,7616.664521541386
canadaojp_2016_01_03_165959.jpg,54.06558820587563,2487.6933622168076
canadaojp_2016_01_03_172959.jpg,41.351939570314485,888.9264790134941
canadaojp_2016_01_03_175959.jpg,0.0,0.0
canadaojp_2016_01_03_182959.jpg,0.0,0.0
canadaojp_2016_01_03_185959.jpg,0.0,0.0
canadaojp_2016_01_03_192959.jpg,0.0,0.0
canadaojp_2016_01_03_200000.jpg,0.0,0.0
canadaojp_2016_01_03_202959.jpg,0.0,0.0
canadaojp_2016_01_03_210000.jpg,0.0,0.0
canadaojp_2016_01_03_212959.jpg,0.0,0.0
canadaojp_2016_01_03_220000.jpg,0.0,0.0
canadaojp_2016_01_03_222959.jpg,0.0,0.0
canadaojp_2016_01_03_225959.jpg,0.0,0.0
canadaojp_2016_01_03_232959.jpg,0.0,0.0
canadaojp_2016_01_03_235959.jpg,0.0,0.0
canadaojp_2016_01_04_002959.jpg,0.0,0.0
canadaojp_2016_01_04_005959.jpg,0.0,0.0
canadaojp_2016_01_04_012959.jpg,0.0,0.0
canadaojp_2016_01_04_015959.jpg,0.0,0.0
canadaojp_2016_01_04_023000.jpg,0.0,0.0
canadaojp_2016_01_04_025959.jpg,0.0,0.0
canadaojp_2016_01_04_033000.jpg,0.0,0.0
canadaojp_2016_01_04_035959.jpg,0.0,0.0
canadaojp_2016_01_04_043000.jpg,0.0,0.0
canadaojp_2016_01_04_045959.jpg,0.0,0.0
canadaojp_2016_01_04_052959.jpg,0.0,0.0
canadaojp_2016_01_04_055959.jpg,0.0,0.0
canadaojp_2016_01_04_062959.jpg,0.0,0.0
canadaojp_2016_01_04_065959.jpg,0.0,0.0
canadaojp_2016_01_04_072959.jpg,0.0,0.0
canadaojp_2016_01_04_075959.jpg,0.0,0.0
canadaojp_2016_01_04_082959.jpg,0.0,0.0
canadaojp_2016_01_04_090000.jpg,0.0,0.0
canadaojp_2016_01_04_092959.jpg,56.704080178644006,1661.7267471521225
canadaojp_2016_01_04_100000.jpg,63.95062879451811,2141.528910919267
canadaojp_2016_01_04_102959.jpg,58.31481501327288,2043.9489487220824
canadaojp_2016_01_04_110000.jpg,51.31176074372555,1946.7701465436662
canadaojp_2016_01_04_112959.jpg,49.45586590427018,2017.0680705667492
canadaojp_2016_01_04_115959.jpg,49.12545446895798,2086.277637757532
canadaojp_2016_01_04_122959.jpg,52.805766714931664,1865.7721196497903
canadaojp_2016_01_04_125959.jpg,49.78156237298684,1981.7395447100848
canadaojp_2016_01_04_132959.jpg,51.53347431793934,2250.619941268291
canadaojp_2016_01_04_135959.jpg,70.68120868103186,4605.226864440821
canadaojp_2016_01_04_142959.jpg,69.53675264663669,4494.636084625018
canadaojp_2016_01_04_145959.jpg,79.70646127845094,5700.13440825315
canadaojp_2016_01_04_153000.jpg,86.63281607224508,6219.961502742652
canadaojp_2016_01_04_155959.jpg,99.94607219745465,7215.685291952154
canadaojp_2016_01_04_163000.jpg,118.06201734999746,7474.8326311542205
canadaojp_2016_01_04_165959.jpg,55.90811113968907,3016.838227739998
canadaojp_2016_01_04_173000.jpg,44.922200669676876,952.4143828478905
canadaojp_2016_01_04_175959.jpg,0.0,0.0
canadaojp_2016_01_04_182959.jpg,0.0,0.0
canadaojp_2016_01_04_185959.jpg,0.0,0.0
canadaojp_2016_01_04_192959.jpg,0.0,0.0
canadaojp_2016_01_04_195959.jpg,0.0,0.0
canadaojp_2016_01_04_202959.jpg,0.0,0.0
canadaojp_2016_01_04_210000.jpg,0.0,0.0
canadaojp_2016_01_04_212959.jpg,0.0,0.0
canadaojp_2016_01_04_220000.jpg,0.0,0.0
canadaojp_2016_01_04_222959.jpg,0.0,0.0
canadaojp_2016_01_04_230000.jpg,0.0,0.0
canadaojp_2016_01_04_232959.jpg,0.0,0.0
canadaojp_2016_01_05_000000.jpg,0.0,0.0
canadaojp_2016_01_05_002959.jpg,0.0,0.0
canadaojp_2016_01_05_005959.jpg,0.0,0.0
canadaojp_2016_01_05_012959.jpg,0.0,0.0
canadaojp_2016_01_05_015959.jpg,0.0,0.0
canadaojp_2016_01_05_022959.jpg,0.0,0.0
canadaojp_2016_01_05_025959.jpg,0.0,0.0
canadaojp_2016_01_05_033000.jpg,0.0,0.0
canadaojp_2016_01_05_035959.jpg,0.0,0.0
canadaojp_2016_01_05_043000.jpg,0.0,0.0
canadaojp_2016_01_05_045959.jpg,0.0,0.0
canadaojp_2016_01_05_053000.jpg,0.0,0.0
canadaojp_2016_01_05_055959.jpg,0.0,0.0
canadaojp_2016_01_05_063000.jpg,0.0,0.0
canadaojp_2016_01_05_065959.jpg,0.0,0.0
canadaojp_2016_01_05_072959.jpg,0.0,0.0
canadaojp_2016_01_05_075959.jpg,0.0,0.0
canadaojp_2016_01_05_082959.jpg,0.0,0.0
canadaojp_2016_01_05_085959.jpg,55.83505714004471,2949.3574536005763
canadaojp_2016_01_05_092959.jpg,73.44923184823197,3811.2275009777627
canadaojp_2016_01_05_100000.jpg,101.83452150174008,6613.811712429727
canadaojp_2016_01_05_102959.jpg,87.37417897900472,5786.682104789307
canadaojp_2016_01_05_110000.jpg,76.4804328290911,5105.325610686255
canadaojp_2016_01_05_112959.jpg,63.73141579186354,3830.3298661160247
canadaojp_2016_01_05_120000.jpg,71.35968598378042,4648.222335947409
canadaojp_2016_01_05_122959.jpg,71.29884013171265,4972.938156805142
canadaojp_2016_01_05_130000.jpg,69.68568113187776,4872.515355336193
canadaojp_2016_01_05_132959.jpg,69.06449073280241,4320.124373300398
canadaojp_2016_01_05_135959.jpg,73.76454161744907,5049.8473873377525
canadaojp_2016_01_05_142959.jpg,69.9419131118859,4449.946727404888
canadaojp_2016_01_05_145959.jpg,81.34997622472439,6008.448012318919
canadaojp_2016_01_05_152959.jpg,82.23861664412183,5749.491719845906
canadaojp_2016_01_05_155959.jpg,97.69443432308337,7032.669438298756
canadaojp_2016_01_05_163000.jpg,58.18989161808413,3265.480441571886
canadaojp_2016_01_05_165959.jpg,58.20241670318295,3217.7818804398985
canadaojp_2016_01_05_173000.jpg,42.06827254959864,854.7573068722945
canadaojp_2016_01_05_175959.jpg,0.0,0.0
canadaojp_2016_01_05_183000.jpg,0.0,0.0
canadaojp_2016_01_05_185959.jpg,0.0,0.0
canadaojp_2016_01_05_193000.jpg,0.0,0.0
canadaojp_2016_01_05_195959.jpg,0.0,0.0
canadaojp_2016_01_05_202959.jpg,0.0,0.0
canadaojp_2016_01_05_205959.jpg,0.0,0.0
canadaojp_2016_01_05_212959.jpg,0.0,0.0
canadaojp_2016_01_05_215959.jpg,0.0,0.0
canadaojp_2016_01_05_222959.jpg,0.0,0.0
canadaojp_2016_01_05_230000.jpg,0.0,0.0
canadaojp_2016_01_05_232959.jpg,0.0,0.0
canadaojp_2016_01_06_000000.jpg,0.0,0.0
canadaojp_2016_01_06_002959.jpg,0.0,0.0
canadaojp_2016_01_06_010000.jpg,0.0,0.0
canadaojp_2016_01_06_012959.jpg,0.0,0.0
canadaojp_2016_01_06_020000.jpg,0.0,0.0
canadaojp_2016_01_06_022959.jpg,0.0,0.0
canadaojp_2016_01_06_025959.jpg,0.0,0.0
canadaojp_2016_01_06_032959.jpg,0.0,0.0
canadaojp_2016_01_06_035959.jpg,0.0,0.0
canadaojp_2016_01_06_042959.jpg,0.0,0.0
canadaojp_2016_01_06_045959.jpg,0.0,0.0
canadaojp_2016_01_06_053000.jpg,0.0,0.0
canadaojp_2016_01_06_055959.jpg,0.0,0.0
canadaojp_2016_01_06_063000.jpg,0.0,0.0
canadaojp_2016_01_06_065959.jpg,0.0,0.0
canadaojp_2016_01_06_073000.jpg,0.0,0.0
canadaojp_2016_01_06_075959.jpg,0.0,0.0
canadaojp_2016_01_06_082959.jpg,0.0,0.0
canadaojp_2016_01_06_085959.jpg,98.73004047750597,1211.3320884279397
canadaojp_2016_01_06_092959.jpg,84.18465510370625,2255.0876928304656
canadaojp_2016_01_06_095959.jpg,26.041751011342274,1320.3968426012214
canadaojp_2016_01_06_102959.jpg,21.495881399875525,903.4932338754202
canadaojp_2016_01_06_105959.jpg,22.677124811067927,1007.1970111462967
canadaojp_2016_01_06_112959.jpg,23.710666207831633,1139.1986725260203
canadaojp_2016_01_06_120000.jpg,24.855811288612,1182.0384848704864
canadaojp_2016_01_06_122959.jpg,24.928788484987045,1145.7034603146067
canadaojp_2016_01_06_130000.jpg,25.20964533956968,1168.4771701275754
canadaojp_2016_01_06_132959.jpg,24.201822916666668,1203.9837832329506
canadaojp_2016_01_06_140000.jpg,24.753934034128434,1153.197235660937
canadaojp_2016_01_06_142959.jpg,23.025191869252655,1084.9187949695045
canadaojp_2016_01_06_145959.jpg,22.35515776621958,988.0034302748925
canadaojp_2016_01_06_152959.jpg,22.095029856030585,929.5946336957795
canadaojp_2016_01_06_155959.jpg,21.93215473060509,978.5844983378172
canadaojp_2016_01_06_162959.jpg,20.42518329586445,874.2567894190709
canadaojp_2016_01_06_165959.jpg,53.6940836476909,1191.7937056930614
canadaojp_2016_01_06_172959.jpg,50.88846875317533,386.0653882923493
canadaojp_2016_01_06_175959.jpg,0.0,0.0
canadaojp_2016_01_06_183000.jpg,0.0,0.0
canadaojp_2016_01_06_185959.jpg,0.0,0.0
canadaojp_2016_01_06_193000.jpg,0.0,0.0
canadaojp_2016_01_06_195959.jpg,0.0,0.0
canadaojp_2016_01_06_203000.jpg,0.0,0.0
canadaojp_2016_01_06_205959.jpg,0.0,0.0
canadaojp_2016_01_06_212959.jpg,0.0,0.0
canadaojp_2016_01_06_215959.jpg,0.0,0.0
canadaojp_2016_01_06_222959.jpg,0.0,0.0
canadaojp_2016_01_06_225959.jpg,0.0,0.0
canadaojp_2016_01_06_232959.jpg,0.0,0.0
canadaojp_2016_01_06_235959.jpg,0.0,0.0
canadaojp_2016_01_07_002959.jpg,0.0,0.0
canadaojp_2016_01_07_010000.jpg,0.0,0.0
canadaojp_2016_01_07_012959.jpg,0.0,0.0
canadaojp_2016_01_07_020000.jpg,0.0,0.0
canadaojp_2016_01_07_022959.jpg,0.0,0.0
canadaojp_2016_01_07_030000.jpg,0.0,0.0
canadaojp_2016_01_07_032959.jpg,0.0,0.0
canadaojp_2016_01_07_035959.jpg,0.0,0.0
canadaojp_2016_01_07_042959.jpg,0.0,0.0
canadaojp_2016_01_07_045959.jpg,0.0,0.0
canadaojp_2016_01_07_052959.jpg,0.0,0.0
canadaojp_2016_01_07_055959.jpg,0.0,0.0
canadaojp_2016_01_07_062959.jpg,0.0,0.0
canadaojp_2016_01_07_065959.jpg,0.0,0.0
canadaojp_2016_01_07_073000.jpg,0.0,0.0
canadaojp_2016_01_07_075959.jpg,0.0,0.0
canadaojp_2016_01_07_083000.jpg,0.0,0.0
canadaojp_2016_01_07_085959.jpg,87.49296823400904,1093.680772043623
canadaojp_2016_01_07_093000.jpg,64.39344449366205,2250.5815687508725
canadaojp_2016_01_07_095959.jpg,56.07448269922014,2222.133947505779
canadaojp_2016_01_07_102959.jpg,41.807533785500176,2163.8791705416497
canadaojp_2016_01_07_105959.jpg,60.851917144553674,2568.034890605949
canadaojp_2016_01_07_112959.jpg,57.514150258154245,2179.956367620624
canadaojp_2016_01_07_115959.jpg,60.103276979182546,2512.6749907855647
canadaojp_2016_01_07_122959.jpg,33.81145154606767,1685.7268969685178
canadaojp_2016_01_07_130000.jpg,26.337037553027994,1508.0262461831355
canadaojp_2016_01_07_132959.jpg,25.965819965198396,1177.4171047114276
canadaojp_2016_01_07_140000.jpg,26.840134491058272,1500.0937266330832
canadaojp_2016_01_07_142959.jpg,25.191210570352588,1384.7437369113854
canadaojp_2016_01_07_150000.jpg,26.22051052145252,1607.2908878318822
canadaojp_2016_01_07_152959.jpg,23.88157412170401,1459.3276264189042
canadaojp_2016_01_07_160000.jpg,24.647445606614845,1638.3686557724873
canadaojp_2016_01_07_162959.jpg,28.958442286808413,2096.980195610227
canadaojp_2016_01_07_165959.jpg,44.73289410595438,2264.9775620488185
canadaojp_2016_01_07_172959.jpg,51.59196447283188,317.6307037090843
canadaojp_2016_01_07_175959.jpg,0.0,0.0
canadaojp_2016_01_07_182959.jpg,0.0,0.0
canadaojp_2016_01_07_185959.jpg,0.0,0.0
canadaojp_2016_01_07_193000.jpg,0.0,0.0
canadaojp_2016_01_07_195959.jpg,0.0,0.0
canadaojp_2016_01_07_203000.jpg,0.0,0.0
canadaojp_2016_01_07_205959.jpg,0.0,0.0
canadaojp_2016_01_07_213000.jpg,0.0,0.0
canadaojp_2016_01_07_215959.jpg,0.0,0.0
canadaojp_2016_01_07_223000.jpg,0.0,0.0
canadaojp_2016_01_07_225959.jpg,0.0,0.0
canadaojp_2016_01_07_232959.jpg,0.0,0.0
canadaojp_2016_01_07_235959.jpg,0.0,0.0
canadaojp_2016_01_08_002959.jpg,0.0,0.0
canadaojp_2016_01_08_005959.jpg,0.0,0.0
canadaojp_2016_01_08_012959.jpg,0.0,0.0
canadaojp_2016_01_08_020000.jpg,0.0,0.0
canadaojp_2016_01_08_022959.jpg,0.0,0.0
canadaojp_2016_01_08_030000.jpg,0.0,0.0
canadaojp_2016_01_08_032959.jpg,0.0,0.0
canadaojp_2016_01_08_040000.jpg,0.0,0.0
canadaojp_2016_01_08_042959.jpg,0.0,0.0
canadaojp_2016_01_08_050000.jpg,0.0,0.0
canadaojp_2016_01_08_052959.jpg,0.0,0.0
canadaojp_2016_01_08_055959.jpg,0.0,0.0
canadaojp_2016_01_08_062959.jpg,0.0,0.0
canadaojp_2016_01_08_065959.jpg,0.0,0.0
canadaojp_2016_01_08_072959.jpg,0.0,0.0
canadaojp_2016_01_08_075959.jpg,0.0,0.0
canadaojp_2016_01_08_083000.jpg,0.0,0.0
canadaojp_2016_01_08_085959.jpg,69.61195614553168,1302.5054989115797
canadaojp_2016_01_08_093000.jpg,56.4208743744602,2360.2421383726714
canadaojp_2016_01_08_095959.jpg,28.125229814433776,2171.4526681959605
canadaojp_2016_01_08_103000.jpg,26.36867474470355,2026.2636067612
canadaojp_2016_01_08_105959.jpg,25.021070292257278,1748.125619777987
canadaojp_2016_01_08_113000.jpg,24.51322762663212,1716.6857250610128
canadaojp_2016_01_08_115959.jpg,24.50621709565361,1758.1983499476562
canadaojp_2016_01_08_122959.jpg,25.449229069819133,1831.007907248887
canadaojp_2016_01_08_125959.jpg,24.539990688347814,1690.4312159438773
canadaojp_2016_01_08_132959.jpg,24.9902735704669,1768.3903625010494
canadaojp_2016_01_08_135959.jpg,27.396088947314944,2056.6533134168967
canadaojp_2016_01_08_142959.jpg,25.49948678745618,1647.0136750846304
canadaojp_2016_01_08_150000.jpg,27.63583303167708,1809.5205583038296
canadaojp_2016_01_08_152959.jpg,27.007121865950314,1787.7902807198639
canadaojp_2016_01_08_160000.jpg,30.813364483310473,1703.9996643546929
canadaojp_2016_01_08_162959.jpg,31.502090557206728,2248.749060098274
canadaojp_2016_01_08_170000.jpg,53.856599564027334,2311.2139940948373
canadaojp_2016_01_08_172959.jpg,44.90490802659656,333.8749290116661
canadaojp_2016_01_08_180000.jpg,0.0,0.0
canadaojp_2016_01_08_182959.jpg,0.0,0.0
canadaojp_2016_01_08_185959.jpg,0.0,0.0
canadaojp_2016_01_08_192959.jpg,0.0,0.0
canadaojp_2016_01_08_195959.jpg,0.0,0.0
canadaojp_2016_01_08_202959.jpg,0.0,0.0
canadaojp_2016_01_08_205959.jpg,0.0,0.0
canadaojp_2016_01_08_213000.jpg,0.0,0.0
canadaojp_2016_01_08_215959.jpg,0.0,0.0
canadaojp_2016_01_08_223000.jpg,0.0,0.0
canadaojp_2016_01_08_225959.jpg,0.0,0.0
canadaojp_2016_01_08_233000.jpg,0.0,0.0
canadaojp_2016_01_08_235959.jpg,0.0,0.0
canadaojp_2016_01_09_002959.jpg,0.0,0.0
canadaojp_2016_01_09_005959.jpg,0.0,0.0
canadaojp_2016_01_09_012959.jpg,0.0,0.0
canadaojp_2016_01_09_015959.jpg,0.0,0.0
canadaojp_2016_01_09_022959.jpg,0.0,0.0
canadaojp_2016_01_09_025959.jpg,0.0,0.0
canadaojp_2016_01_09_032959.jpg,0.0,0.0
canadaojp_2016_01_09_040000.jpg,0.0,0.0
canadaojp_2016_01_09_042959.jpg,0.0,0.0
canadaojp_2016_01_09_050000.jpg,0.0,0.0
canadaojp_2016_01_09_052959.jpg,0.0,0.0
canadaojp_2016_01_09_060000.jpg,0.0,0.0
canadaojp_2016_01_09_062959.jpg,0.0,0.0
canadaojp_2016_01_09_065959.jpg,0.0,0.0
canadaojp_2016_01_09_072959.jpg,0.0,0.0
canadaojp_2016_01_09_075959.jpg,0.0,0.0
canadaojp_2016_01_09_082959.jpg,0.0,0.0
canadaojp_2016_01_09_085959.jpg,64.3517907267693,1554.2129285745305
canadaojp_2016_01_09_092959.jpg,40.914951790568004,2204.573684702354
canadaojp_2016_01_09_095959.jpg,57.14368502483107,2428.7213946593033
canadaojp_2016_01_09_103000.jpg,29.90844375539806,1669.1373702134351
canadaojp_2016_01_09_105959.jpg,32.71645701557181,1650.8341278863466
canadaojp_2016_01_09_113000.jpg,33.92426463350353,1538.5682336409382
canadaojp_2016_01_09_115959.jpg,34.634326338083625,1522.5423936618176
canadaojp_2016_01_09_123000.jpg,46.177031535779605,2402.3037255090785
canadaojp_2016_01_09_125959.jpg,45.50505115454961,2243.526746478167
canadaojp_2016_01_09_132959.jpg,55.76007710492557,2691.7186217593485
canadaojp_2016_01_09_135959.jpg,50.81247519274247,2180.5405146418175
canadaojp_2016_01_09_142959.jpg,52.29327893994818,2583.661738536644
canadaojp_2016_01_09_145959.jpg,55.258042512891834,2415.8929184958893
canadaojp_2016_01_09_152959.jpg,65.80823215941422,2841.7296365846105
canadaojp_2016_01_09_155959.jpg,77.20446479036478,3389.8448069228984
canadaojp_2016_01_09_162959.jpg,96.26000625539805,4021.7593210758873
canadaojp_2016_01_09_170000.jpg,44.369618809696185,1899.443601660344
canadaojp_2016_01_09_172959.jpg,58.01570517705634,1438.903303523962
canadaojp_2016_01_09_180000.jpg,0.0,0.0
canadaojp_2016_01_09_182959.jpg,0.0,0.0
canadaojp_2016_01_09_190000.jpg,0.0,0.0
canadaojp_2016_01_09_192959.jpg,0.0,0.0
canadaojp_2016_01_09_195959.jpg,0.0,0.0
canadaojp_2016_01_10_212959.jpg,0.0,0.0
canadaojp_2016_01_10_215959.jpg,0.0,0.0
canadaojp_2016_01_10_222959.jpg,0.0,0.0
canadaojp_2016_01_10_225959.jpg,0.0,0.0
canadaojp_2016_01_10_232959.jpg,0.0,0.0
canadaojp_2016_01_10_235959.jpg,0.0,0.0
canadaojp_2016_01_11_003000.jpg,0.0,0.0
canadaojp_2016_01_11_005959.jpg,0.0,0.0
canadaojp_2016_01_11_013000.jpg,0.0,0.0
canadaojp_2016_01_11_015959.jpg,0.0,0.0
canadaojp_2016_01_11_023000.jpg,0.0,0.0
canadaojp_2016_01_11_025959.jpg,0.0,0.0
canadaojp_2016_01_11_033000.jpg,0.0,0.0
canadaojp_2016_01_11_035959.jpg,0.0,0.0
canadaojp_2016_01_11_042959.jpg,0.0,0.0
canadaojp_2016_01_11_045959.jpg,0.0,0.0
canadaojp_2016_01_11_052959.jpg,0.0,0.0
canadaojp_2016_01_11_055959.jpg,0.0,0.0
canadaojp_2016_01_11_062959.jpg,0.0,0.0
canadaojp_2016_01_11_070000.jpg,0.0,0.0
canadaojp_2016_01_11_072959.jpg,0.0,0.0
canadaojp_2016_01_11_080000.jpg,0.0,0.0
canadaojp_2016_01_11_082959.jpg,0.0,0.0
canadaojp_2016_01_11_090000.jpg,0.0,0.0
canadaojp_2016_01_11_092959.jpg,38.71066501708327,2302.189896021547
canadaojp_2016_01_11_100000.jpg,60.074434275453434,2499.7054881308873
canadaojp_2016_01_11_102959.jpg,38.7564463147132,2013.2485428436817
canadaojp_2016_01_11_105959.jpg,33.19373257538231,2107.6237980171204
canadaojp_2016_01_11_112959.jpg,37.68376382855764,1524.0888505493408
canadaojp_2016_01_11_115959.jpg,35.84779080456485,1763.2323885911394
canadaojp_2016_01_11_122959.jpg,41.98145607884977,1970.3998293371849
canadaojp_2016_01_11_125959.jpg,34.844222330183406,2268.7793606546293
canadaojp_2016_01_11_133000.jpg,36.102563919372045,2270.8916174006854
canadaojp_2016_01_11_135959.jpg,38.99136191446934,1778.3485360182906
canadaojp_2016_01_11_143000.jpg,35.46475027625362,1752.7183453469056
canadaojp_2016_01_11_145959.jpg,38.79083095977493,2413.68631578041
canadaojp_2016_01_11_153000.jpg,39.280794538751714,2469.2386597377454
canadaojp_2016_01_11_155959.jpg,41.43722910474775,1870.1600496790588
canadaojp_2016_01_11_162959.jpg,44.85765039945638,2247.33568580819
canadaojp_2016_01_11_165959.jpg,46.76396053224864,2591.5363875723897
canadaojp_2016_01_11_172959.jpg,74.34895396725601,679.6602285217912
canadaojp_2016_01_11_175959.jpg,0.0,0.0
canadaojp_2016_01_11_182959.jpg,0.0,0.0
canadaojp_2016_01_11_185959.jpg,0.0,0.0
canadaojp_2016_01_11_192959.jpg,0.0,0.0
canadaojp_2016_01_11_200000.jpg,0.0,0.0
canadaojp_2016_01_11_202959.jpg,0.0,0.0
canadaojp_2016_01_11_210000.jpg,0.0,0.0
canadaojp_2016_01_11_212959.jpg,0.0,0.0
canadaojp_2016_01_11_220000.jpg,0.0,0.0
canadaojp_2016_01_11_222959.jpg,0.0,0.0
canadaojp_2016_01_11_225959.jpg,0.0,0.0
canadaojp_2016_01_11_232959.jpg,0.0,0.0
canadaojp_2016_01_11_235959.jpg,0.0,0.0
canadaojp_2016_01_12_002959.jpg,0.0,0.0
canadaojp_2016_01_12_005959.jpg,0.0,0.0
canadaojp_2016_01_12_012959.jpg,0.0,0.0
canadaojp_2016_01_12_015959.jpg,0.0,0.0
canadaojp_2016_01_12_023000.jpg,0.0,0.0
canadaojp_2016_01_12_025959.jpg,0.0,0.0
canadaojp_2016_01_12_033000.jpg,0.0,0.0
canadaojp_2016_01_12_035959.jpg,0.0,0.0
canadaojp_2016_01_12_043000.jpg,0.0,0.0
canadaojp_2016_01_12_045959.jpg,0.0,0.0
canadaojp_2016_01_12_052959.jpg,0.0,0.0
canadaojp_2016_01_12_055959.jpg,0.0,0.0
canadaojp_2016_01_12_062959.jpg,0.0,0.0
canadaojp_2016_01_12_065959.jpg,0.0,0.0
canadaojp_2016_01_12_072959.jpg,0.0,0.0
canadaojp_2016_01_12_075959.jpg,0.0,0.0
canadaojp_2016_01_12_082959.jpg,0.0,0.0
canadaojp_2016_01_12_090000.jpg,70.73157039069248,1974.8863320649386
canadaojp_2016_01_12_092959.jpg,44.869306833625465,2801.1144475741507
canadaojp_2016_01_12_100000.jpg,39.74389483469238,2558.785555287003
canadaojp_2016_01_12_102959.jpg,38.772506731697405,2435.0560099365125
canadaojp_2016_01_12_110000.jpg,39.475350913542144,2344.96841629466
canadaojp_2016_01_12_112959.jpg,40.22670400059696,2635.6529514085582
canadaojp_2016_01_12_115959.jpg,38.80854413548494,2063.649655689703
canadaojp_2016_01_12_122959.jpg,45.95679250495351,2422.4778768950778
canadaojp_2016_01_12_125959.jpg,40.153445589150536,1862.8382119401824
canadaojp_2016_01_12_132959.jpg,42.36459186702992,2005.6752390418321
canadaojp_2016_01_12_135959.jpg,41.282446702103336,1656.6881664536998
canadaojp_2016_01_12_142959.jpg,41.60640825045725,2223.891102600497
canadaojp_2016_01_12_145959.jpg,42.80791879413707,1897.004541662588
canadaojp_2016_01_12_153000.jpg,44.39549655000508,2583.4869388572165
canadaojp_2016_01_12_155959.jpg,44.54929737908347,2592.809160036666
canadaojp_2016_01_12_163000.jpg,42.89161054272723,2344.3730249911887
canadaojp_2016_01_12_165959.jpg,44.57561510091195,2484.878213763055
canadaojp_2016_01_12_173000.jpg,62.39782287538739,819.2355704312783
canadaojp_2016_01_12_175959.jpg,0.0,0.0
canadaojp_2016_01_12_182959.jpg,0.0,0.0
canadaojp_2016_01_12_185959.jpg,0.0,0.0
canadaojp_2016_01_12_192959.jpg,0.0,0.0
canadaojp_2016_01_12_195959.jpg,0.0,0.0
canadaojp_2016_01_12_202959.jpg,0.0,0.0
canadaojp_2016_01_12_210000.jpg,0.0,0.0
canadaojp_2016_01_12_212959.jpg,0.0,0.0
canadaojp_2016_01_12_220000.jpg,0.0,0.0
canadaojp_2016_01_12_222959.jpg,0.0,0.0
canadaojp_2016_01_12_230000.jpg,0.0,0.0
canadaojp_2016_01_12_232959.jpg,0.0,0.0
canadaojp_2016_01_13_000000.jpg,0.0,0.0
canadaojp_2016_01_13_002959.jpg,0.0,0.0
canadaojp_2016_01_13_005959.jpg,0.0,0.0
canadaojp_2016_01_13_012959.jpg,0.0,0.0
canadaojp_2016_01_13_015959.jpg,0.0,0.0
canadaojp_2016_01_13_022959.jpg,0.0,0.0
canadaojp_2016_01_13_025959.jpg,0.0,0.0
canadaojp_2016_01_13_033000.jpg,0.0,0.0
canadaojp_2016_01_13_035959.jpg,0.0,0.0
canadaojp_2016_01_13_043000.jpg,0.0,0.0
canadaojp_2016_01_13_045959.jpg,0.0,0.0
canadaojp_2016_01_13_053000.jpg,0.0,0.0
canadaojp_2016_01_13_055959.jpg,0.0,0.0
canadaojp_2016_01_13_063000.jpg,0.0,0.0
canadaojp_2016_01_13_065959.jpg,0.0,0.0
canadaojp_2016_01_13_072959.jpg,0.0,0.0
canadaojp_2016_01_13_075959.jpg,0.0,0.0
canadaojp_2016_01_13_082959.jpg,0.0,0.0
canadaojp_2016_01_13_085959.jpg,44.31963218576944,1655.8401276310594
canadaojp_2016_01_13_092959.jpg,35.854064659223695,2565.2160861035895
canadaojp_2016_01_13_100000.jpg,32.45815888869837,2128.5444781419606
canadaojp_2016_01_13_102959.jpg,32.62889890705177,2177.43549714182
canadaojp_2016_01_13_110000.jpg,34.42742110895189,2396.6167280464565
canadaojp_2016_01_13_112959.jpg,34.047120294162475,2350.8126024310145
canadaojp_2016_01_13_120000.jpg,32.09766339449017,2127.0990682333095
canadaojp_2016_01_13_122959.jpg,32.69275378022913,2225.9144321364092
canadaojp_2016_01_13_130000.jpg,33.255946994233604,2365.2282197820537
canadaojp_2016_01_13_132959.jpg,32.43166295153178,2151.412313453538
canadaojp_2016_01_13_135959.jpg,34.21464628423005,2420.6643572138664
canadaojp_2016_01_13_142959.jpg,35.16528023865772,2552.465321633251
canadaojp_2016_01_13_145959.jpg,33.865690729309556,2346.2403879459603
canadaojp_2016_01_13_152959.jpg,34.73605613822842,2468.663174358569
canadaojp_2016_01_13_155959.jpg,35.566983762955346,2540.872768055984
canadaojp_2016_01_13_163000.jpg,36.03014181019154,2367.4357460399415
canadaojp_2016_01_13_165959.jpg,94.30218474540213,3199.3191442704783
canadaojp_2016_01_13_173000.jpg,69.6073042885993,350.2203852238045
canadaojp_2016_01_13_175959.jpg,0.0,0.0
canadaojp_2016_01_13_183000.jpg,0.0,0.0
canadaojp_2016_01_13_185959.jpg,0.0,0.0
canadaojp_2016_01_13_193000.jpg,0.0,0.0
canadaojp_2016_01_13_195959.jpg,0.0,0.0
canadaojp_2016_01_13_202959.jpg,0.0,0.0
canadaojp_2016_01_13_205959.jpg,0.0,0.0
canadaojp_2016_01_13_212959.jpg,0.0,0.0
canadaojp_2016_01_13_215959.jpg,0.0,0.0
canadaojp_2016_01_13_222959.jpg,0.0,0.0
canadaojp_2016_01_13_230000.jpg,0.0,0.0
canadaojp_2016_01_13_232959.jpg,0.0,0.0
canadaojp_2016_01_14_000000.jpg,0.0,0.0
canadaojp_2016_01_14_002959.jpg,0.0,0.0
canadaojp_2016_01_14_010000.jpg,0.0,0.0
canadaojp_2016_01_14_012959.jpg,0.0,0.0
canadaojp_2016_01_14_015959.jpg,0.0,0.0
canadaojp_2016_01_14_022959.jpg,0.0,0.0
canadaojp_2016_01_14_025959.jpg,0.0,0.0
canadaojp_2016_01_14_032959.jpg,0.0,0.0
canadaojp_2016_01_14_035959.jpg,0.0,0.0
canadaojp_2016_01_14_042959.jpg,0.0,0.0
canadaojp_2016_01_14_045959.jpg,0.0,0.0
canadaojp_2016_01_14_053000.jpg,0.0,0.0
canadaojp_2016_01_14_055959.jpg,0.0,0.0
canadaojp_2016_01_14_063000.jpg,0.0,0.0
canadaojp_2016_01_14_065959.jpg,0.0,0.0
canadaojp_2016_01_14_073000.jpg,0.0,0.0
canadaojp_2016_01_14_075959.jpg,0.0,0.0
canadaojp_2016_01_14_082959.jpg,0.0,0.0
canadaojp_2016_01_14_085959.jpg,48.505519912487934,1744.2797211722113
canadaojp_2016_01_14_092959.jpg,35.708577039831326,2088.2704749248383
canadaojp_2016_01_14_095959.jpg,81.22050218621399,3830.765923102351
canadaojp_2016_01_14_102959.jpg,69.6250019845806,3229.2940528271492
canadaojp_2016_01_14_105959.jpg,52.15702855097038,2490.0962893221313
canadaojp_2016_01_14_112959.jpg,57.51571033696591,2414.5943676686256
canadaojp_2016_01_14_120000.jpg,58.47712870084591,2565.612515836384
canadaojp_2016_01_14_122959.jpg,36.37809852569476,1997.173210399027
canadaojp_2016_01_14_130000.jpg,39.61120577560585,2597.2026586145976
canadaojp_2016_01_14_132959.jpg,37.908542389054006,2292.268015146147
canadaojp_2016_01_14_140000.jpg,37.04499123609206,1779.8789164322488
canadaojp_2016_01_14_142959.jpg,40.33722370668851,1866.635929496255
canadaojp_2016_01_14_145959.jpg,39.762740015178075,2067.473759211375
canadaojp_2016_01_14_152959.jpg,41.04216757481075,2728.3687835795736
canadaojp_2016_01_14_155959.jpg,40.88055821489356,2717.967205813923
canadaojp_2016_01_14_162959.jpg,41.49089871335671,2288.940274565733
canadaojp_2016_01_14_165959.jpg,48.590744948051615,2658.2232492173807
canadaojp_2016_01_14_172959.jpg,63.91981044079917,1630.9635510668575
canadaojp_2016_01_14_175959.jpg,0.0,0.0
canadaojp_2016_01_14_183000.jpg,0.0,0.0
canadaojp_2016_01_14_185959.jpg,0.0,0.0
canadaojp_2016_01_14_193000.jpg,0.0,0.0
canadaojp_2016_01_14_195959.jpg,0.0,0.0
canadaojp_2016_01_14_203000.jpg,0.0,0.0
canadaojp_2016_01_14_205959.jpg,0.0,0.0
canadaojp_2016_01_14_212959.jpg,0.0,0.0
canadaojp_2016_01_14_215959.jpg,0.0,0.0
canadaojp_2016_01_14_222959.jpg,0.0,0.0
canadaojp_2016_01_14_225959.jpg,0.0,0.0
canadaojp_2016_01_14_232959.jpg,0.0,0.0
canadaojp_2016_01_14_235959.jpg,0.0,0.0
canadaojp_2016_01_15_002959.jpg,0.0,0.0
canadaojp_2016_01_15_010000.jpg,0.0,0.0
canadaojp_2016_01_15_012959.jpg,0.0,0.0
canadaojp_2016_01_15_020000.jpg,0.0,0.0
canadaojp_2016_01_15_022959.jpg,0.0,0.0
canadaojp_2016_01_15_030000.jpg,0.0,0.0
canadaojp_2016_01_15_032959.jpg,0.0,0.0
canadaojp_2016_01_15_035959.jpg,0.0,0.0
canadaojp_2016_01_15_042959.jpg,0.0,0.0
canadaojp_2016_01_15_045959.jpg,0.0,0.0
canadaojp_2016_01_15_052959.jpg,0.0,0.0
canadaojp_2016_01_15_055959.jpg,0.0,0.0
canadaojp_2016_01_15_063000.jpg,0.0,0.0
canadaojp_2016_01_15_065959.jpg,0.0,0.0
canadaojp_2016_01_15_073000.jpg,0.0,0.0
canadaojp_2016_01_15_075959.jpg,0.0,0.0
canadaojp_2016_01_15_083000.jpg,0.0,0.0
canadaojp_2016_01_15_085959.jpg,54.020474719618456,1797.4625665714973
canadaojp_2016_01_15_093000.jpg,41.60745432289285,2756.162882326812
canadaojp_2016_01_15_095959.jpg,39.69871784185592,2719.3982235694534
canadaojp_2016_01_15_102959.jpg,38.32927149221409,2551.2563662434254
canadaojp_2016_01_15_105959.jpg,40.71693728407763,2604.094218126378
canadaojp_2016_01_15_112959.jpg,41.083920570733625,2184.476321193991
canadaojp_2016_01_15_115959.jpg,40.36733693891937,2301.7432017906103
canadaojp_2016_01_15_122959.jpg,43.83296261367678,2108.5707016049746
canadaojp_2016_01_15_130000.jpg,41.267434342135346,2097.980640596913
canadaojp_2016_01_15_132959.jpg,43.46663959698725,2575.6094702961823
canadaojp_2016_01_15_140000.jpg,47.49480972635015,1743.3464574162142
canadaojp_2016_01_15_142959.jpg,44.62402576938221,1746.2790658633674
canadaojp_2016_01_15_150000.jpg,45.98169105319311,1862.7210141861403
canadaojp_2016_01_15_152959.jpg,48.67657488378296,1834.132950889242
canadaojp_2016_01_15_160000.jpg,56.170036484529795,2205.993866213169
canadaojp_2016_01_15_162959.jpg,70.50485706256669,2819.717264566873
canadaojp_2016_01_15_165959.jpg,50.461097060280444,2423.031255956192
canadaojp_2016_01_15_172959.jpg,49.55967256801554,1678.0368805712294
canadaojp_2016_01_15_175959.jpg,0.0,0.0
canadaojp_2016_01_16_103000.jpg,67.32896368376264,3028.689051635556
canadaojp_2016_01_16_105959.jpg,64.56845731405274,2649.614198706399
canadaojp_2016_01_16_113000.jpg,58.5771438233501,2357.276744002111
canadaojp_2016_01_16_115959.jpg,62.457430746075296,2681.4798431893614
canadaojp_2016_01_16_122959.jpg,63.39192271725601,2931.5113888597143
canadaojp_2016_01_16_125959.jpg,46.29437859606005,2137.94985137307
canadaojp_2016_01_16_132959.jpg,44.378311868109535,2064.467634413968
canadaojp_2016_01_16_135959.jpg,42.66671727347203,2333.7895953573307
canadaojp_2016_01_16_142959.jpg,50.34487208187268,1956.7796345078784
canadaojp_2016_01_16_150000.jpg,46.523239041939746,1766.5461317258757
canadaojp_2016_01_16_152959.jpg,45.3254805463471,2143.9749707882456
canadaojp_2016_01_16_160000.jpg,55.7562575810979,2406.7438516089783
canadaojp_2016_01_16_162959.jpg,75.47190548315805,3399.3400556690385
canadaojp_2016_01_16_170000.jpg,50.694027682517905,2361.752291355378
canadaojp_2016_01_16_172959.jpg,97.29986357992938,2024.2153962624468
canadaojp_2016_01_16_175959.jpg,0.0,0.0
canadaojp_2016_01_16_182959.jpg,0.0,0.0
canadaojp_2016_01_16_185959.jpg,0.0,0.0
canadaojp_2016_01_16_192959.jpg,0.0,0.0
canadaojp_2016_01_16_195959.jpg,0.0,0.0
canadaojp_2016_01_16_202959.jpg,0.0,0.0
canadaojp_2016_01_16_205959.jpg,0.0,0.0
canadaojp_2016_01_16_213000.jpg,0.0,0.0
canadaojp_2016_01_16_215959.jpg,0.0,0.0
canadaojp_2016_01_16_223000.jpg,0.0,0.0
canadaojp_2016_01_16_225959.jpg,0.0,0.0
canadaojp_2016_01_16_233000.jpg,0.0,0.0
canadaojp_2016_01_16_235959.jpg,0.0,0.0
canadaojp_2016_01_17_002959.jpg,0.0,0.0
canadaojp_2016_01_17_005959.jpg,0.0,0.0
canadaojp_2016_01_17_012959.jpg,0.0,0.0
canadaojp_2016_01_17_015959.jpg,0.0,0.0
canadaojp_2016_01_17_022959.jpg,0.0,0.0
canadaojp_2016_01_17_025959.jpg,0.0,0.0
canadaojp_2016_01_17_032959.jpg,0.0,0.0
canadaojp_2016_01_17_040000.jpg,0.0,0.0
canadaojp_2016_01_17_042959.jpg,0.0,0.0
canadaojp_2016_01_17_050000.jpg,0.0,0.0
canadaojp_2016_01_17_052959.jpg,0.0,0.0
canadaojp_2016_01_17_060000.jpg,0.0,0.0
canadaojp_2016_01_17_062959.jpg,0.0,0.0
canadaojp_2016_01_17_065959.jpg,0.0,0.0
canadaojp_2016_01_17_072959.jpg,0.0,0.0
canadaojp_2016_01_17_075959.jpg,0.0,0.0
canadaojp_2016_01_17_082959.jpg,0.0,0.0
canadaojp_2016_01_17_085959.jpg,56.65156043603617,1870.6305502389837
canadaojp_2016_01_17_092959.jpg,60.40845625825585,3050.0215817505355
canadaojp_2016_01_17_095959.jpg,49.81519446508408,2534.891330874089
canadaojp_2016_01_17_103000.jpg,52.49485398249759,2608.610230466126
canadaojp_2016_01_17_105959.jpg,50.31882188150942,2678.002256714524
canadaojp_2016_01_17_113000.jpg,48.62742297445765,2530.057525880496
canadaojp_2016_01_17_115959.jpg,48.00037965026927,2407.0326761739448
canadaojp_2016_01_17_123000.jpg,48.85771886748717,2346.6518964177585
canadaojp_2016_01_17_125959.jpg,50.656379990029464,1991.5456394948528
canadaojp_2016_01_17_132959.jpg,52.09803431260479,2208.3539874610738
canadaojp_2016_01_17_135959.jpg,58.945098760669104,2521.2299972485885
canadaojp_2016_01_17_142959.jpg,58.445572480058935,2336.3742206837355
canadaojp_2016_01_17_145959.jpg,62.367691385014986,2583.9251293342536
canadaojp_2016_01_17_152959.jpg,70.2281723917848,3502.1338647779603
canadaojp_2016_01_17_155959.jpg,80.59565777733323,4392.30646260277
canadaojp_2016_01_17_162959.jpg,99.61540217128994,6556.913612065662
canadaojp_2016_01_17_170000.jpg,111.66165381452268,6121.170407808901
canadaojp_2016_01_17_172959.jpg,64.7744766264035,2263.7638353448588
canadaojp_2016_01_17_180000.jpg,0.0,0.0
canadaojp_2016_01_17_182959.jpg,0.0,0.0
canadaojp_2016_01_17_190000.jpg,0.0,0.0
canadaojp_2016_01_17_192959.jpg,0.0,0.0
canadaojp_2016_01_17_195959.jpg,0.0,0.0
canadaojp_2016_01_17_202959.jpg,0.0,0.0
canadaojp_2016_01_17_205959.jpg,0.0,0.0
canadaojp_2016_01_17_212959.jpg,0.0,0.0
canadaojp_2016_01_17_215959.jpg,0.0,0.0
canadaojp_2016_01_17_223000.jpg,0.0,0.0
canadaojp_2016_01_17_225959.jpg,0.0,0.0
canadaojp_2016_01_17_233000.jpg,0.0,0.0
canadaojp_2016_01_17_235959.jpg,0.0,0.0
canadaojp_2016_01_18_003000.jpg,0.0,0.0
canadaojp_2016_01_18_005959.jpg,0.0,0.0
canadaojp_2016_01_18_013000.jpg,0.0,0.0
canadaojp_2016_01_18_015959.jpg,0.0,0.0
canadaojp_2016_01_18_022959.jpg,0.0,0.0
canadaojp_2016_01_20_062959.jpg,0.0,0.0
canadaojp_2016_01_20_065959.jpg,0.0,0.0
canadaojp_2016_01_20_072959.jpg,0.0,0.0
canadaojp_2016_01_20_075959.jpg,0.0,0.0
canadaojp_2016_01_20_082959.jpg,0.0,0.0
canadaojp_2016_01_20_090000.jpg,35.73027386418483,1525.2391732755732
canadaojp_2016_01_20_092959.jpg,36.94061162392674,2506.5320960441427
canadaojp_2016_01_20_100000.jpg,35.7723295086496,2215.593389619083
canadaojp_2016_01_20_102959.jpg,35.43456262225016,2136.4589869348874
canadaojp_2016_01_20_110000.jpg,35.11799522430524,1983.73157728898
canadaojp_2016_01_20_112959.jpg,37.162867782477264,2138.7679282940144
canadaojp_2016_01_20_115959.jpg,41.46650841620942,2437.281426626446
canadaojp_2016_01_20_122959.jpg,43.96386098568561,2584.726819328869
canadaojp_2016_01_20_125959.jpg,44.31454233189808,2283.2347145830468
canadaojp_2016_01_20_132959.jpg,49.189652674579584,2673.156912656411
canadaojp_2016_01_20_135959.jpg,49.06321623513946,2394.347793442093
canadaojp_2016_01_20_143000.jpg,52.04441670000762,2605.62965426677
canadaojp_2016_01_20_145959.jpg,50.160145136348625,2675.014241819293
canadaojp_2016_01_20_153000.jpg,49.73283615620078,2685.8033654850888
canadaojp_2016_01_20_155959.jpg,50.916364415040896,2805.0253861014126
canadaojp_2016_01_20_163000.jpg,51.371541669841996,2921.1370851502443
canadaojp_2016_01_20_165959.jpg,52.34654845710766,2539.8771616749405
canadaojp_2016_01_20_173000.jpg,74.392331143944,2815.7886502507195
canadaojp_2016_01_20_175959.jpg,0.0,0.0
canadaojp_2016_01_20_182959.jpg,0.0,0.0
canadaojp_2016_01_20_185959.jpg,0.0,0.0
canadaojp_2016_01_20_192959.jpg,0.0,0.0
canadaojp_2016_01_20_195959.jpg,0.0,0.0
canadaojp_2016_01_20_202959.jpg,0.0,0.0
canadaojp_2016_01_20_210000.jpg,0.0,0.0
canadaojp_2016_01_20_212959.jpg,0.0,0.0
canadaojp_2016_01_20_220000.jpg,0.0,0.0
canadaojp_2016_01_20_222959.jpg,0.0,0.0
canadaojp_2016_01_20_230000.jpg,0.0,0.0
canadaojp_2016_01_20_232959.jpg,0.0,0.0
canadaojp_2016_01_21_000000.jpg,0.0,0.0
canadaojp_2016_01_21_002959.jpg,0.0,0.0
canadaojp_2016_01_21_005959.jpg,0.0,0.0
canadaojp_2016_01_21_012959.jpg,0.0,0.0
canadaojp_2016_01_21_015959.jpg,0.0,0.0
canadaojp_2016_01_21_022959.jpg,0.0,0.0
canadaojp_2016_01_21_025959.jpg,0.0,0.0
canadaojp_2016_01_21_033000.jpg,0.0,0.0
canadaojp_2016_01_21_035959.jpg,0.0,0.0
canadaojp_2016_01_21_043000.jpg,0.0,0.0
canadaojp_2016_01_21_045959.jpg,0.0,0.0
canadaojp_2016_01_21_053000.jpg,0.0,0.0
canadaojp_2016_01_21_055959.jpg,0.0,0.0
canadaojp_2016_01_21_063000.jpg,0.0,0.0
canadaojp_2016_01_21_065959.jpg,0.0,0.0
canadaojp_2016_01_21_072959.jpg,0.0,0.0
canadaojp_2016_01_21_075959.jpg,0.0,0.0
canadaojp_2016_01_21_082959.jpg,0.0,0.0
canadaojp_2016_01_21_085959.jpg,0.0,0.0
canadaojp_2016_01_21_092959.jpg,0.0,0.0
canadaojp_2016_01_21_100000.jpg,46.7213779816339,2635.050846359182
canadaojp_2016_01_21_102959.jpg,45.8523404555962,2674.3686990118654
canadaojp_2016_01_21_110000.jpg,45.14809337372352,2536.697990049048
canadaojp_2016_01_21_112959.jpg,45.7012110704669,2496.081812297086
canadaojp_2016_01_21_120000.jpg,44.060068690303815,2161.5695177923662
canadaojp_2016_01_21_122959.jpg,51.63652049039781,3202.1913395156066
canadaojp_2016_01_21_130000.jpg,45.80955329472133,2258.464781483254
canadaojp_2016_01_21_132959.jpg,45.867425451214245,2249.9769411881825
canadaojp_2016_01_21_135959.jpg,45.48565822981761,2179.2478093361083
canadaojp_2016_01_21_142959.jpg,48.99118965287304,2521.284820830762
canadaojp_2016_01_21_145959.jpg,49.078987498729866,2451.315057033191
canadaojp_2016_01_21_152959.jpg,49.19074399545293,2588.0939608068456
canadaojp_2016_01_21_155959.jpg,51.62891875285779,2897.843443207711
canadaojp_2016_01_21_163000.jpg,49.45245381484022,2588.4061299289133
canadaojp_2016_01_21_165959.jpg,61.49826944571458,2792.11831889145
canadaojp_2016_01_21_173000.jpg,82.72436120319566,2257.068596378348
canadaojp_2016_01_21_175959.jpg,0.0,0.0
canadaojp_2016_01_21_183000.jpg,0.0,0.0
canadaojp_2016_01_21_185959.jpg,0.0,0.0
canadaojp_2016_01_21_192959.jpg,0.0,0.0
canadaojp_2016_01_21_195959.jpg,0.0,0.0
canadaojp_2016_01_21_202959.jpg,0.0,0.0
canadaojp_2016_01_21_205959.jpg,0.0,0.0
canadaojp_2016_01_21_212959.jpg,0.0,0.0
canadaojp_2016_01_21_215959.jpg,0.0,0.0
canadaojp_2016_01_21_222959.jpg,0.0,0.0
canadaojp_2016_01_21_230000.jpg,0.0,0.0
canadaojp_2016_01_21_232959.jpg,0.0,0.0
canadaojp_2016_01_22_000000.jpg,0.0,0.0
canadaojp_2016_01_22_002959.jpg,0.0,0.0
canadaojp_2016_01_22_010000.jpg,0.0,0.0
canadaojp_2016_01_22_012959.jpg,0.0,0.0
canadaojp_2016_01_22_015959.jpg,0.0,0.0
canadaojp_2016_01_22_022959.jpg,0.0,0.0
canadaojp_2016_01_22_025959.jpg,0.0,0.0
canadaojp_2016_01_22_032959.jpg,0.0,0.0
canadaojp_2016_01_22_035959.jpg,0.0,0.0
canadaojp_2016_01_22_042959.jpg,0.0,0.0
canadaojp_2016_01_22_045959.jpg,0.0,0.0
canadaojp_2016_01_22_053000.jpg,0.0,0.0
canadaojp_2016_01_22_055959.jpg,0.0,0.0
canadaojp_2016_01_22_063000.jpg,0.0,0.0
canadaojp_2016_01_22_065959.jpg,0.0,0.0
canadaojp_2016_01_22_073000.jpg,0.0,0.0
canadaojp_2016_01_22_075959.jpg,0.0,0.0
canadaojp_2016_01_22_082959.jpg,0.0,0.0
canadaojp_2016_01_22_085959.jpg,67.87064662399024,2446.1238149085552
canadaojp_2016_01_22_092959.jpg,52.5204195482777,2113.0637953381915
canadaojp_2016_01_22_095959.jpg,56.550416682543315,2412.433921016299
canadaojp_2016_01_22_102959.jpg,53.003331713915564,2195.1317519534614
canadaojp_2016_01_22_105959.jpg,51.34022637714017,1905.3495037458122
canadaojp_2016_01_22_112959.jpg,49.822853953919626,1724.0895155625878
canadaojp_2016_01_22_120000.jpg,52.35834341500279,2004.8500866691804
canadaojp_2016_01_22_122959.jpg,51.42995184613626,2063.1188886157142
canadaojp_2016_01_22_130000.jpg,51.84070009653,1870.931931242834
canadaojp_2016_01_22_132959.jpg,56.4296295502464,2404.1705936800818
canadaojp_2016_01_22_140000.jpg,54.282810475727786,2419.1327353082443
canadaojp_2016_01_22_142959.jpg,57.65090492906315,2629.5244710405436
canadaojp_2016_01_22_145959.jpg,54.359354161903674,2261.091983977104
canadaojp_2016_01_22_152959.jpg,55.23955316770817,2308.05635019726
canadaojp_2016_01_22_155959.jpg,52.84622695505004,2263.3317182117066
canadaojp_2016_01_22_162959.jpg,49.38432991032871,1896.03352043607
canadaojp_2016_01_22_165959.jpg,51.57593124460194,2259.0053869952476
canadaojp_2016_01_22_172959.jpg,63.62531892210283,1965.1684741705837
canadaojp_2016_01_22_175959.jpg,0.0,0.0
canadaojp_2016_01_22_183000.jpg,0.0,0.0
canadaojp_2016_01_22_185959.jpg,0.0,0.0
canadaojp_2016_01_22_193000.jpg,0.0,0.0
canadaojp_2016_01_22_195959.jpg,0.0,0.0
canadaojp_2016_01_22_203000.jpg,0.0,0.0
canadaojp_2016_01_22_205959.jpg,0.0,0.0
canadaojp_2016_01_22_212959.jpg,0.0,0.0
canadaojp_2016_01_22_215959.jpg,0.0,0.0
canadaojp_2016_01_22_222959.jpg,0.0,0.0
canadaojp_2016_01_22_225959.jpg,0.0,0.0
canadaojp_2016_01_22_232959.jpg,0.0,0.0
canadaojp_2016_01_23_000000.jpg,0.0,0.0
canadaojp_2016_01_23_002959.jpg,0.0,0.0
canadaojp_2016_01_23_010000.jpg,0.0,0.0
canadaojp_2016_01_23_012959.jpg,0.0,0.0
canadaojp_2016_01_23_020000.jpg,0.0,0.0
canadaojp_2016_01_23_022959.jpg,0.0,0.0
canadaojp_2016_01_23_030000.jpg,0.0,0.0
canadaojp_2016_01_23_032959.jpg,0.0,0.0
canadaojp_2016_01_23_035959.jpg,0.0,0.0
canadaojp_2016_01_23_042959.jpg,0.0,0.0
canadaojp_2016_01_23_045959.jpg,0.0,0.0
canadaojp_2016_01_23_052959.jpg,0.0,0.0
canadaojp_2016_01_23_055959.jpg,0.0,0.0
canadaojp_2016_01_23_063000.jpg,0.0,0.0
canadaojp_2016_01_23_065959.jpg,0.0,0.0
canadaojp_2016_01_23_073000.jpg,0.0,0.0
canadaojp_2016_01_23_075959.jpg,0.0,0.0
canadaojp_2016_01_23_083000.jpg,0.0,0.0
canadaojp_2016_01_23_085959.jpg,51.81600199093126,1435.8597918520006
canadaojp_2016_01_23_093000.jpg,45.383345558349845,1693.2719383582464
canadaojp_2016_01_23_095959.jpg,45.46593010942183,1861.6875121296928
canadaojp_2016_01_23_102959.jpg,43.623432578240106,1597.047191366064
canadaojp_2016_01_23_105959.jpg,42.59856955399329,1585.724159722547
canadaojp_2016_01_23_112959.jpg,46.040298099883145,2032.964725117533
canadaojp_2016_01_23_115959.jpg,44.05313833638165,1738.757333003814
canadaojp_2016_01_23_122959.jpg,42.34974978407763,1576.6986278142401
canadaojp_2016_01_23_130000.jpg,41.744243525504245,1658.989979858036
canadaojp_2016_01_23_132959.jpg,44.909017497650254,1820.069721560314
canadaojp_2016_01_23_140000.jpg,42.554430099895846,1633.2465523327255
canadaojp_2016_01_23_142959.jpg,44.148145965109485,1725.2923283772857
canadaojp_2016_01_23_150000.jpg,45.04954902390388,1788.9237677134145
canadaojp_2016_01_23_152959.jpg,47.18544238683128,1993.4921040814622
canadaojp_2016_01_23_160000.jpg,44.741937045927955,1764.3949002665506
canadaojp_2016_01_23_162959.jpg,46.72609532972616,1896.923745394712
canadaojp_2016_01_23_165959.jpg,46.48688132684296,1975.2037320467587
canadaojp_2016_01_23_172959.jpg,49.52838128873901,1675.1966828966238
canadaojp_2016_01_23_175959.jpg,51.05943283067876,704.7470426716372
canadaojp_2016_01_23_182959.jpg,0.0,0.0
canadaojp_2016_01_23_185959.jpg,0.0,0.0
canadaojp_2016_01_23_193000.jpg,0.0,0.0
canadaojp_2016_01_23_195959.jpg,0.0,0.0
canadaojp_2016_01_23_203000.jpg,0.0,0.0
canadaojp_2016_01_23_205959.jpg,0.0,0.0
canadaojp_2016_01_23_213000.jpg,0.0,0.0
canadaojp_2016_01_23_215959.jpg,0.0,0.0
canadaojp_2016_01_23_223000.jpg,0.0,0.0
canadaojp_2016_01_23_225959.jpg,0.0,0.0
canadaojp_2016_01_23_232959.jpg,0.0,0.0
canadaojp_2016_01_23_235959.jpg,0.0,0.0
canadaojp_2016_01_24_002959.jpg,0.0,0.0
canadaojp_2016_01_24_005959.jpg,0.0,0.0
canadaojp_2016_01_24_012959.jpg,0.0,0.0
canadaojp_2016_01_24_020000.jpg,0.0,0.0
canadaojp_2016_01_24_022959.jpg,0.0,0.0
canadaojp_2016_01_24_030000.jpg,0.0,0.0
canadaojp_2016_01_24_032959.jpg,0.0,0.0
canadaojp_2016_01_24_040000.jpg,0.0,0.0
canadaojp_2016_01_24_042959.jpg,0.0,0.0
canadaojp_2016_01_24_050000.jpg,0.0,0.0
canadaojp_2016_01_24_052959.jpg,0.0,0.0
canadaojp_2016_01_24_055959.jpg,0.0,0.0
canadaojp_2016_01_24_062959.jpg,0.0,0.0
canadaojp_2016_01_24_065959.jpg,0.0,0.0
canadaojp_2016_01_24_072959.jpg,0.0,0.0
canadaojp_2016_01_24_075959.jpg,0.0,0.0
canadaojp_2016_01_24_083000.jpg,0.0,0.0
canadaojp_2016_01_24_085959.jpg,73.79944364267388,1796.2732791622825
canadaojp_2016_01_24_093000.jpg,41.35669323623177,1865.0935590917954
canadaojp_2016_01_24_095959.jpg,40.989306881255395,1795.1559608156604
canadaojp_2016_01_24_103000.jpg,40.2207093764289,1685.8900112620136
canadaojp_2016_01_24_105959.jpg,41.800611965274605,1877.1080301753389
canadaojp_2016_01_24_112959.jpg,40.06768670140477,1765.9664616933396
canadaojp_2016_01_24_115959.jpg,40.622959255766396,1724.0435130738272
canadaojp_2016_01_24_122959.jpg,39.204897428936135,1586.8113110901913
canadaojp_2016_01_24_125959.jpg,41.89014909757151,1806.0523443272723
canadaojp_2016_01_24_132959.jpg,40.796980976604175,1668.174588952357
canadaojp_2016_01_24_135959.jpg,41.28440687236448,1670.5215807950815
canadaojp_2016_01_24_142959.jpg,44.0607583320632,1947.2755786074758
canadaojp_2016_01_24_150000.jpg,45.07738058381598,2009.3866696542434
canadaojp_2016_01_24_152959.jpg,45.978598282782094,2118.4758500432677
canadaojp_2016_01_24_160000.jpg,42.149592525910684,1544.182074760613
canadaojp_2016_01_24_162959.jpg,45.29823106392572,1856.4029942861462
canadaojp_2016_01_24_170000.jpg,42.053402682517905,1621.9142522217303
canadaojp_2016_01_24_172959.jpg,67.39542728814205,1571.4213081877504
canadaojp_2016_01_24_175959.jpg,0.0,0.0
canadaojp_2016_01_24_182959.jpg,0.0,0.0
canadaojp_2016_01_24_185959.jpg,0.0,0.0
canadaojp_2016_01_24_192959.jpg,0.0,0.0
canadaojp_2016_01_24_195959.jpg,0.0,0.0
canadaojp_2016_01_24_202959.jpg,0.0,0.0
canadaojp_2016_01_24_205959.jpg,0.0,0.0
canadaojp_2016_01_24_213000.jpg,0.0,0.0
canadaojp_2016_01_24_215959.jpg,0.0,0.0
canadaojp_2016_01_24_223000.jpg,0.0,0.0
canadaojp_2016_01_24_225959.jpg,0.0,0.0
canadaojp_2016_01_24_233000.jpg,0.0,0.0
canadaojp_2016_01_24_235959.jpg,0.0,0.0
canadaojp_2016_01_25_002959.jpg,0.0,0.0
canadaojp_2016_01_25_005959.jpg,0.0,0.0
canadaojp_2016_01_25_012959.jpg,0.0,0.0
canadaojp_2016_01_25_015959.jpg,0.0,0.0
canadaojp_2016_01_25_022959.jpg,0.0,0.0
canadaojp_2016_01_25_025959.jpg,0.0,0.0
canadaojp_2016_01_25_032959.jpg,0.0,0.0
canadaojp_2016_01_25_040000.jpg,0.0,0.0
canadaojp_2016_01_25_042959.jpg,0.0,0.0
canadaojp_2016_01_25_050000.jpg,0.0,0.0
canadaojp_2016_01_25_052959.jpg,0.0,0.0
canadaojp_2016_01_25_060000.jpg,0.0,0.0
canadaojp_2016_01_25_062959.jpg,0.0,0.0
canadaojp_2016_01_25_065959.jpg,0.0,0.0
canadaojp_2016_01_25_072959.jpg,0.0,0.0
canadaojp_2016_01_25_075959.jpg,0.0,0.0
canadaojp_2016_01_25_082959.jpg,0.0,0.0
canadaojp_2016_01_25_085959.jpg,0.0,0.0
canadaojp_2016_01_25_092959.jpg,49.17010197568968,2188.5026856406057
canadaojp_2016_01_25_095959.jpg,49.41424607370573,1972.1544681726245
canadaojp_2016_01_25_103000.jpg,51.81654040764873,2300.9669369598673
canadaojp_2016_01_25_105959.jpg,51.701557578240106,2299.141437188718
canadaojp_2016_01_25_113000.jpg,48.58382888310979,1930.3327757844538
canadaojp_2016_01_25_115959.jpg,50.021947873799725,2127.2134882299993
canadaojp_2016_01_25_123000.jpg,50.600663683445106,2197.8405493597943
canadaojp_2016_01_25_125959.jpg,48.80717159954021,1991.3811943846638
canadaojp_2016_01_25_132959.jpg,49.230169673703195,1941.0654624854997
canadaojp_2016_01_25_135959.jpg,48.4394643378804,1881.162149921365
canadaojp_2016_01_25_142959.jpg,49.037500238149676,1849.8613508544022
canadaojp_2016_01_25_145959.jpg,51.5591065656277,2059.484835095374
canadaojp_2016_01_25_152959.jpg,48.446661022519436,1937.7780215325083
canadaojp_2016_01_25_160000.jpg,53.06631277625362,1598.8883479416218
canadaojp_2016_01_25_162959.jpg,58.13249258560687,1668.7345029310113
canadaojp_2016_01_25_170000.jpg,59.363990340649295,2548.3361514830635
canadaojp_2016_01_25_172959.jpg,50.326984461527715,1937.2178071707212
canadaojp_2016_01_25_180000.jpg,49.36071995027435,684.032240648859
canadaojp_2016_01_25_182959.jpg,0.0,0.0
canadaojp_2016_01_25_190000.jpg,0.0,0.0
canadaojp_2016_01_25_192959.jpg,0.0,0.0
canadaojp_2016_01_25_195959.jpg,0.0,0.0
canadaojp_2016_01_25_202959.jpg,0.0,0.0
canadaojp_2016_01_25_205959.jpg,0.0,0.0
canadaojp_2016_01_25_212959.jpg,0.0,0.0
canadaojp_2016_01_25_215959.jpg,0.0,0.0
canadaojp_2016_01_25_223000.jpg,0.0,0.0
canadaojp_2016_01_25_225959.jpg,0.0,0.0
canadaojp_2016_01_25_233000.jpg,0.0,0.0
canadaojp_2016_01_25_235959.jpg,0.0,0.0
canadaojp_2016_01_26_003000.jpg,0.0,0.0
canadaojp_2016_01_26_005959.jpg,0.0,0.0
canadaojp_2016_01_26_013000.jpg,0.0,0.0
canadaojp_2016_01_26_015959.jpg,0.0,0.0
canadaojp_2016_01_26_022959.jpg,0.0,0.0
canadaojp_2016_01_26_025959.jpg,0.0,0.0
canadaojp_2016_01_26_032959.jpg,0.0,0.0
canadaojp_2016_01_26_035959.jpg,0.0,0.0
canadaojp_2016_01_26_042959.jpg,0.0,0.0
canadaojp_2016_01_26_050000.jpg,0.0,0.0
canadaojp_2016_01_26_052959.jpg,0.0,0.0
canadaojp_2016_01_26_060000.jpg,0.0,0.0
canadaojp_2016_01_26_062959.jpg,0.0,0.0
canadaojp_2016_01_26_070000.jpg,0.0,0.0
canadaojp_2016_01_26_072959.jpg,0.0,0.0
canadaojp_2016_01_26_080000.jpg,0.0,0.0
canadaojp_2016_01_26_082959.jpg,25.752429920489764,375.3062875181099
canadaojp_2016_01_26_085959.jpg,35.271596999949196,1333.4738646071617
canadaojp_2016_01_26_092959.jpg,37.84820994798811,1474.4459445559953
canadaojp_2016_01_26_095959.jpg,39.94504140628969,1605.7789571002247
canadaojp_2016_01_26_102959.jpg,36.913856698991516,1610.7355942033455
canadaojp_2016_01_26_105959.jpg,42.977161446425846,1547.929223453308
canadaojp_2016_01_26_113000.jpg,39.44712978045776,1543.654951510575
canadaojp_2016_01_26_115959.jpg,46.93992237908347,1845.7195266025965
canadaojp_2016_01_26_123000.jpg,46.19625914494742,1687.18200378467
canadaojp_2016_01_26_125959.jpg,56.65183410970126,2487.148439172906
canadaojp_2016_01_26_133000.jpg,53.47145557873546,2009.4861254849009
canadaojp_2016_01_26_135959.jpg,57.090537757836714,2611.526910939098
canadaojp_2016_01_26_143000.jpg,60.45397400358177,2769.40843219382
canadaojp_2016_01_26_145959.jpg,57.072367731672,2570.515407709588
canadaojp_2016_01_26_152959.jpg,57.31096492690393,2654.7175244224904
canadaojp_2016_01_26_155959.jpg,52.21127229874765,2128.7445894498487
canadaojp_2016_01_26_162959.jpg,57.484458749301425,2493.1581716623828
canadaojp_2016_01_26_165959.jpg,56.88219271547782,2523.199385070638
canadaojp_2016_01_26_172959.jpg,58.20666529333689,1567.9555793434247
canadaojp_2016_01_26_180000.jpg,48.96404396401717,741.4390413430348
canadaojp_2016_01_26_182959.jpg,0.0,0.0
canadaojp_2016_01_26_190000.jpg,0.0,0.0
canadaojp_2016_01_26_192959.jpg,0.0,0.0
canadaojp_2016_01_26_200000.jpg,0.0,0.0
canadaojp_2016_01_26_202959.jpg,0.0,0.0
canadaojp_2016_01_26_210000.jpg,0.0,0.0
canadaojp_2016_01_26_212959.jpg,0.0,0.0
canadaojp_2016_01_26_215959.jpg,0.0,0.0
canadaojp_2016_01_26_222959.jpg,0.0,0.0
canadaojp_2016_01_26_225959.jpg,0.0,0.0
canadaojp_2016_01_26_232959.jpg,0.0,0.0
canadaojp_2016_01_26_235959.jpg,0.0,0.0
canadaojp_2016_01_27_003000.jpg,0.0,0.0
canadaojp_2016_01_27_005959.jpg,0.0,0.0
canadaojp_2016_01_27_013000.jpg,0.0,0.0
canadaojp_2016_01_27_015959.jpg,0.0,0.0
canadaojp_2016_01_27_023000.jpg,0.0,0.0
canadaojp_2016_01_27_025959.jpg,0.0,0.0
canadaojp_2016_01_27_032959.jpg,0.0,0.0
canadaojp_2016_01_27_035959.jpg,0.0,0.0
canadaojp_2016_01_27_042959.jpg,0.0,0.0
canadaojp_2016_01_27_045959.jpg,0.0,0.0
canadaojp_2016_01_27_052959.jpg,0.0,0.0
canadaojp_2016_01_27_055959.jpg,0.0,0.0
canadaojp_2016_01_27_062959.jpg,0.0,0.0
canadaojp_2016_01_27_070000.jpg,0.0,0.0
canadaojp_2016_01_27_072959.jpg,0.0,0.0
canadaojp_2016_01_27_080000.jpg,0.0,0.0
canadaojp_2016_01_27_082959.jpg,35.26913512771173,715.2032743416991
canadaojp_2016_01_27_090000.jpg,54.98201850899253,1517.1257995416865
canadaojp_2016_01_27_092959.jpg,56.284212581923484,1879.3569482597165
canadaojp_2016_01_27_095959.jpg,66.15143957507748,2339.8378661824304
canadaojp_2016_01_27_102959.jpg,61.600880995021086,1837.5754862558053
canadaojp_2016_01_27_105959.jpg,49.01608581961591,1516.791019332193
canadaojp_2016_01_27_112959.jpg,64.29398763368135,2033.0700084171924
canadaojp_2016_01_27_115959.jpg,63.92953786262257,2302.657791336244
canadaojp_2016_01_27_122959.jpg,63.822319307905296,1964.6647125315708
canadaojp_2016_01_27_125959.jpg,60.70408454472133,1988.2808664707395
canadaojp_2016_01_27_133000.jpg,61.37095482935782,2133.165635438355
canadaojp_2016_01_27_135959.jpg,62.09583877108418,1993.960048175333
canadaojp_2016_01_27_143000.jpg,63.4142792162018,1894.9287679007114
canadaojp_2016_01_27_145959.jpg,62.04228843576944,1907.9447750693562
canadaojp_2016_01_27_153000.jpg,60.15827248609206,1790.1533749284245
canadaojp_2016_01_27_155959.jpg,60.052023795915254,1803.194192895308
canadaojp_2016_01_27_162959.jpg,65.99659723809887,2107.171006876221
canadaojp_2016_01_27_165959.jpg,57.04733165199665,1567.067979534806
canadaojp_2016_01_27_172959.jpg,44.82252113975258,959.6695220033534
canadaojp_2016_01_27_175959.jpg,41.844746656378604,726.1276167925276
canadaojp_2016_01_27_182959.jpg,0.0,0.0
canadaojp_2016_01_27_185959.jpg,0.0,0.0
canadaojp_2016_01_27_192959.jpg,0.0,0.0
canadaojp_2016_01_27_200000.jpg,0.0,0.0
canadaojp_2016_01_27_202959.jpg,0.0,0.0
canadaojp_2016_01_27_210000.jpg,0.0,0.0
canadaojp_2016_01_27_212959.jpg,0.0,0.0
canadaojp_2016_01_27_220000.jpg,0.0,0.0
canadaojp_2016_01_27_222959.jpg,0.0,0.0
canadaojp_2016_01_27_225959.jpg,0.0,0.0
canadaojp_2016_01_27_232959.jpg,0.0,0.0
canadaojp_2016_01_27_235959.jpg,0.0,0.0
canadaojp_2016_01_28_002959.jpg,0.0,0.0
canadaojp_2016_01_28_005959.jpg,0.0,0.0
canadaojp_2016_01_28_012959.jpg,0.0,0.0
canadaojp_2016_01_28_015959.jpg,0.0,0.0
canadaojp_2016_01_28_023000.jpg,0.0,0.0
canadaojp_2016_01_28_025959.jpg,0.0,0.0
canadaojp_2016_01_28_033000.jpg,0.0,0.0
canadaojp_2016_01_28_035959.jpg,0.0,0.0
canadaojp_2016_01_28_043000.jpg,0.0,0.0
canadaojp_2016_01_28_045959.jpg,0.0,0.0
canadaojp_2016_01_28_052959.jpg,0.0,0.0
canadaojp_2016_01_28_055959.jpg,0.0,0.0
canadaojp_2016_01_28_062959.jpg,0.0,0.0
canadaojp_2016_01_28_065959.jpg,0.0,0.0
canadaojp_2016_01_28_072959.jpg,0.0,0.0
canadaojp_2016_01_28_080000.jpg,0.0,0.0
canadaojp_2016_01_28_082959.jpg,49.94335947422903,542.5753639768506
canadaojp_2016_01_28_090000.jpg,38.49095150320073,888.3437201207169
canadaojp_2016_01_28_092959.jpg,31.78222482599197,840.8975232953353
canadaojp_2016_01_28_100000.jpg,31.13384785570035,842.6809621536604
canadaojp_2016_01_28_102959.jpg,35.99262252006808,1045.0263877278212
canadaojp_2016_01_28_110000.jpg,33.41608796296296,940.493999484108
canadaojp_2016_01_28_112959.jpg,31.952683827732052,908.6657656522934
canadaojp_2016_01_28_115959.jpg,32.41405734009043,874.4967326577902
canadaojp_2016_01_28_122959.jpg,32.55073739076868,953.081912091841
canadaojp_2016_01_28_125959.jpg,34.32360452230351,929.2980253438012
canadaojp_2016_01_28_132959.jpg,39.647423379312094,1173.2516300208338
canadaojp_2016_01_28_135959.jpg,38.2834745163974,1021.8492155851684
canadaojp_2016_01_28_143000.jpg,47.932760424604986,1671.8182216569064
canadaojp_2016_01_28_145959.jpg,46.957837386640755,1412.8330784160646
canadaojp_2016_01_28_153000.jpg,59.66374000565209,1896.8799968776987
canadaojp_2016_01_28_155959.jpg,54.512057120992736,1996.2469912729402
canadaojp_2016_01_28_163000.jpg,63.15820004890006,2069.4601201432997
canadaojp_2016_01_28_165959.jpg,55.53447732497587,2016.8867535580039
canadaojp_2016_01_28_173000.jpg,55.263808711832546,2643.2512763214613
canadaojp_2016_01_28_175959.jpg,35.591435979017426,734.7155513558889
canadaojp_2016_01_28_182959.jpg,0.0,0.0
canadaojp_2016_01_28_185959.jpg,0.0,0.0
canadaojp_2016_01_28_192959.jpg,0.0,0.0
canadaojp_2016_01_28_195959.jpg,0.0,0.0
canadaojp_2016_01_28_202959.jpg,0.0,0.0
canadaojp_2016_01_28_210000.jpg,0.0,0.0
canadaojp_2016_01_28_212959.jpg,0.0,0.0
canadaojp_2016_01_28_220000.jpg,0.0,0.0
canadaojp_2016_01_28_222959.jpg,0.0,0.0
canadaojp_2016_01_28_230000.jpg,0.0,0.0
canadaojp_2016_01_28_232959.jpg,0.0,0.0
canadaojp_2016_01_29_000000.jpg,0.0,0.0
canadaojp_2016_01_29_002959.jpg,0.0,0.0
canadaojp_2016_01_29_005959.jpg,0.0,0.0
canadaojp_2016_01_29_012959.jpg,0.0,0.0
canadaojp_2016_01_29_015959.jpg,0.0,0.0
canadaojp_2016_01_29_022959.jpg,0.0,0.0
canadaojp_2016_01_29_025959.jpg,0.0,0.0
canadaojp_2016_01_29_033000.jpg,0.0,0.0
canadaojp_2016_01_29_035959.jpg,0.0,0.0
canadaojp_2016_01_29_043000.jpg,0.0,0.0
canadaojp_2016_01_29_045959.jpg,0.0,0.0
canadaojp_2016_01_29_053000.jpg,0.0,0.0
canadaojp_2016_01_29_055959.jpg,0.0,0.0
canadaojp_2016_01_29_063000.jpg,0.0,0.0
canadaojp_2016_01_29_065959.jpg,0.0,0.0
canadaojp_2016_01_29_072959.jpg,0.0,0.0
canadaojp_2016_01_29_075959.jpg,0.0,0.0
canadaojp_2016_01_29_082959.jpg,30.889990926497486,748.5198031138037
canadaojp_2016_01_29_085959.jpg,61.96110559397704,3616.6190733194603
canadaojp_2016_01_29_092959.jpg,93.9939061468018,5644.642262850985
canadaojp_2016_01_29_100000.jpg,65.15354640584515,2420.1473472917683
canadaojp_2016_01_29_102959.jpg,66.62894891848295,2463.114955427196
canadaojp_2016_01_29_110000.jpg,64.56271810540822,2455.2228273973133
canadaojp_2016_01_29_112959.jpg,59.78096005277397,2236.691709025336
canadaojp_2016_01_29_120000.jpg,73.72528740696286,2944.4686281891754
canadaojp_2016_01_29_122959.jpg,67.48469352518671,2594.523378251837
canadaojp_2016_01_29_125959.jpg,61.885189829103794,2147.1498612486885
canadaojp_2016_01_29_132959.jpg,65.15214330735914,2415.698776750697
canadaojp_2016_01_29_135959.jpg,66.42333644515571,2490.1909252224764
canadaojp_2016_01_29_142959.jpg,65.63668441675557,2570.1795233887337
canadaojp_2016_01_29_145959.jpg,67.10070476426358,2616.415965470132
canadaojp_2016_01_29_152959.jpg,69.55191801776914,2712.380450032053
canadaojp_2016_01_29_155959.jpg,63.83172681533557,2239.6110328515374
canadaojp_2016_01_29_163000.jpg,65.22784136374028,2472.7352245790353
canadaojp_2016_01_29_165959.jpg,53.34220996545242,1813.0626929606406
canadaojp_2016_01_29_173000.jpg,54.96838503562719,1760.0906013916933
canadaojp_2016_01_29_175959.jpg,32.61577170019814,560.1408543945081
canadaojp_2016_01_29_183000.jpg,0.0,0.0
canadaojp_2016_01_29_185959.jpg,0.0,0.0
canadaojp_2016_01_29_192959.jpg,0.0,0.0
canadaojp_2016_01_29_195959.jpg,0.0,0.0
canadaojp_2016_01_29_202959.jpg,0.0,0.0
canadaojp_2016_01_29_205959.jpg,0.0,0.0
canadaojp_2016_01_29_212959.jpg,0.0,0.0
canadaojp_2016_01_29_215959.jpg,0.0,0.0
canadaojp_2016_01_29_222959.jpg,0.0,0.0
canadaojp_2016_01_29_230000.jpg,0.0,0.0
canadaojp_2016_01_29_232959.jpg,0.0,0.0
canadaojp_2016_01_30_000000.jpg,0.0,0.0
canadaojp_2016_01_30_002959.jpg,0.0,0.0
canadaojp_2016_01_30_010000.jpg,0.0,0.0
canadaojp_2016_01_30_012959.jpg,0.0,0.0
canadaojp_2016_01_30_015959.jpg,0.0,0.0
canadaojp_2016_01_30_022959.jpg,0.0,0.0
canadaojp_2016_01_30_025959.jpg,0.0,0.0
canadaojp_2016_01_30_032959.jpg,0.0,0.0
canadaojp_2016_01_30_035959.jpg,0.0,0.0
canadaojp_2016_01_30_042959.jpg,0.0,0.0
canadaojp_2016_01_30_045959.jpg,0.0,0.0
canadaojp_2016_01_30_053000.jpg,0.0,0.0
canadaojp_2016_01_30_055959.jpg,0.0,0.0
canadaojp_2016_01_30_063000.jpg,0.0,0.0
canadaojp_2016_01_30_065959.jpg,0.0,0.0
canadaojp_2016_01_30_073000.jpg,0.0,0.0
canadaojp_2016_01_30_075959.jpg,0.0,0.0
canadaojp_2016_01_30_082959.jpg,44.991940419714986,1373.7813551217228
canadaojp_2016_01_30_085959.jpg,57.06330831967942,3119.564654774806
canadaojp_2016_01_30_092959.jpg,96.44774440507037,5704.074064683797
canadaojp_2016_01_30_095959.jpg,99.61926992042626,5897.026746749542
canadaojp_2016_01_30_102959.jpg,83.29645585657674,4924.690375146707
canadaojp_2016_01_30_105959.jpg,73.303373310725,3912.2976084576917
canadaojp_2016_01_30_112959.jpg,64.40186348149419,2821.7508962330808
canadaojp_2016_01_30_120000.jpg,66.28128036408322,3158.9250987890173
canadaojp_2016_01_30_122959.jpg,68.29347581034395,3587.7270717118604
canadaojp_2016_01_30_130000.jpg,63.684243700147334,3301.220402078141
canadaojp_2016_01_30_132959.jpg,64.81872066789869,3293.932747998781
canadaojp_2016_01_30_140000.jpg,68.36938720913987,3717.4934490500673
canadaojp_2016_01_30_142959.jpg,64.8560684902581,3228.3196756116636
canadaojp_2016_01_30_145959.jpg,66.79072498317076,3587.9920568051234
canadaojp_2016_01_30_152959.jpg,73.71122427189707,4330.609006722243
canadaojp_2016_01_30_155959.jpg,81.61620592643398,5346.565023258691
canadaojp_2016_01_30_162959.jpg,91.4151909325306,6634.131977724494
canadaojp_2016_01_30_183000.jpg,0.0,0.0
canadaojp_2016_01_30_190000.jpg,0.0,0.0
canadaojp_2016_01_30_192959.jpg,0.0,0.0
canadaojp_2016_01_30_200000.jpg,0.0,0.0
canadaojp_2016_01_30_202959.jpg,0.0,0.0
canadaojp_2016_01_30_210000.jpg,0.0,0.0
canadaojp_2016_01_30_212959.jpg,0.0,0.0
canadaojp_2016_01_30_220000.jpg,0.0,0.0
canadaojp_2016_01_30_222959.jpg,0.0,0.0
canadaojp_2016_01_30_225959.jpg,0.0,0.0
canadaojp_2016_01_30_232959.jpg,0.0,0.0
canadaojp_2016_01_30_235959.jpg,0.0,0.0
canadaojp_2016_01_31_002959.jpg,0.0,0.0
canadaojp_2016_01_31_005959.jpg,0.0,0.0
canadaojp_2016_01_31_013000.jpg,0.0,0.0
canadaojp_2016_01_31_015959.jpg,0.0,0.0
canadaojp_2016_01_31_023000.jpg,0.0,0.0
canadaojp_2016_01_31_025959.jpg,0.0,0.0
canadaojp_2016_01_31_033000.jpg,0.0,0.0
canadaojp_2016_01_31_035959.jpg,0.0,0.0
canadaojp_2016_01_31_042959.jpg,0.0,0.0
canadaojp_2016_01_31_045959.jpg,0.0,0.0
canadaojp_2016_01_31_052959.jpg,0.0,0.0
canadaojp_2016_01_31_055959.jpg,0.0,0.0
canadaojp_2016_01_31_062959.jpg,0.0,0.0
canadaojp_2016_01_31_065959.jpg,0.0,0.0
canadaojp_2016_01_31_072959.jpg,0.0,0.0
canadaojp_2016_01_31_080000.jpg,0.0,0.0
canadaojp_2016_01_31_082959.jpg,0.0,0.0
canadaojp_2016_01_31_090000.jpg,0.0,0.0
canadaojp_2016_01_31_092959.jpg,56.081063370040134,1803.3716560550145
canadaojp_2016_01_31_100000.jpg,56.26224922839506,1813.2310299800918
canadaojp_2016_01_31_102959.jpg,53.253468253061016,1959.6287273179935
canadaojp_2016_01_31_105959.jpg,59.1209639584286,2062.579269938093
canadaojp_2016_01_31_112959.jpg,56.175606805365035,1868.3028666998146
canadaojp_2016_01_31_115959.jpg,55.49993252425951,1738.4594399309246
canadaojp_2016_01_31_122959.jpg,53.25227591703501,1617.7271197503455
canadaojp_2016_01_31_125959.jpg,55.27866071768785,2007.8691787101202
canadaojp_2016_01_31_132959.jpg,55.515091544734034,1867.2609922701736
canadaojp_2016_01_31_135959.jpg,55.39617527657115,1828.0920403570751
canadaojp_2016_01_31_143000.jpg,56.00962342979983,1769.9606426608361
canadaojp_2016_01_31_145959.jpg,54.04944900104151,1658.6048352699288
canadaojp_2016_01_31_153000.jpg,54.96876905197379,1642.4038671633214
canadaojp_2016_01_31_155959.jpg,57.124354614388054,1815.4456484698885
canadaojp_2016_01_31_163000.jpg,57.02983261253366,1793.3591962889188
canadaojp_2016_01_31_165959.jpg,49.441404662335515,1748.0532680388
canadaojp_2016_01_31_172959.jpg,49.072419330767666,1543.787730739648
canadaojp_2016_01_31_175959.jpg,60.048294372046946,1301.5776875311874
canadaojp_2016_01_31_182959.jpg,0.0,0.0
canadaojp_2016_01_31_185959.jpg,0.0,0.0
canadaojp_2016_01_31_192959.jpg,0.0,0.0
canadaojp_2016_01_31_195959.jpg,0.0,0.0
canadaojp_2016_01_31_202959.jpg,0.0,0.0
canadaojp_2016_01_31_210000.jpg,0.0,0.0
canadaojp_2016_01_31_212959.jpg,0.0,0.0
canadaojp_2016_01_31_220000.jpg,0.0,0.0
canadaojp_2016_01_31_222959.jpg,0.0,0.0
canadaojp_2016_01_31_230000.jpg,0.0,0.0
canadaojp_2016_01_31_232959.jpg,0.0,0.0
canadaojp_2016_01_31_235959.jpg,0.0,0.0
