canadaojp_2017_05_01_002958.jpg,2017-05-01-002958,1
canadaojp_2017_05_01_005959.jpg,2017-05-01-005959,1
canadaojp_2017_05_01_012959.jpg,2017-05-01-012959,1
canadaojp_2017_05_01_015959.jpg,2017-05-01-015959,1
canadaojp_2017_05_01_022959.jpg,2017-05-01-022959,1
canadaojp_2017_05_01_025959.jpg,2017-05-01-025959,1
canadaojp_2017_05_01_032959.jpg,2017-05-01-032959,1
canadaojp_2017_05_01_035959.jpg,2017-05-01-035959,1
canadaojp_2017_05_01_042959.jpg,2017-05-01-042959,1
canadaojp_2017_05_01_045959.jpg,2017-05-01-045959,1
canadaojp_2017_05_01_052959.jpg,2017-05-01-052959,1
canadaojp_2017_05_01_055959.jpg,2017-05-01-055959,0
canadaojp_2017_05_01_062959.jpg,2017-05-01-062959,0
canadaojp_2017_05_01_065958.jpg,2017-05-01-065958,0
canadaojp_2017_05_01_072959.jpg,2017-05-01-072959,0
canadaojp_2017_05_01_075959.jpg,2017-05-01-075959,0
canadaojp_2017_05_01_082959.jpg,2017-05-01-082959,0
canadaojp_2017_05_01_085959.jpg,2017-05-01-085959,0
canadaojp_2017_05_01_092959.jpg,2017-05-01-092959,0
canadaojp_2017_05_01_095959.jpg,2017-05-01-095959,0
canadaojp_2017_05_01_102959.jpg,2017-05-01-102959,0
canadaojp_2017_05_01_105959.jpg,2017-05-01-105959,0
canadaojp_2017_05_01_112959.jpg,2017-05-01-112959,0
canadaojp_2017_05_01_115959.jpg,2017-05-01-115959,0
canadaojp_2017_05_01_122959.jpg,2017-05-01-122959,0
canadaojp_2017_05_01_125959.jpg,2017-05-01-125959,1
canadaojp_2017_05_01_132958.jpg,2017-05-01-132958,0
canadaojp_2017_05_01_135959.jpg,2017-05-01-135959,0
canadaojp_2017_05_01_142959.jpg,2017-05-01-142959,0
canadaojp_2017_05_01_145959.jpg,2017-05-01-145959,0
canadaojp_2017_05_01_152959.jpg,2017-05-01-152959,0
canadaojp_2017_05_01_155959.jpg,2017-05-01-155959,0
canadaojp_2017_05_01_162959.jpg,2017-05-01-162959,0
canadaojp_2017_05_01_165959.jpg,2017-05-01-165959,0
canadaojp_2017_05_01_172959.jpg,2017-05-01-172959,0
canadaojp_2017_05_01_175959.jpg,2017-05-01-175959,0
canadaojp_2017_05_01_182959.jpg,2017-05-01-182959,0
canadaojp_2017_05_01_185959.jpg,2017-05-01-185959,0
canadaojp_2017_05_01_192959.jpg,2017-05-01-192959,0
canadaojp_2017_05_01_195958.jpg,2017-05-01-195958,0
canadaojp_2017_05_01_202959.jpg,2017-05-01-202959,1
canadaojp_2017_05_01_205959.jpg,2017-05-01-205959,1
canadaojp_2017_05_01_212959.jpg,2017-05-01-212959,1
canadaojp_2017_05_01_215959.jpg,2017-05-01-215959,1
canadaojp_2017_05_01_222959.jpg,2017-05-01-222959,1
canadaojp_2017_05_01_225959.jpg,2017-05-01-225959,1
canadaojp_2017_05_01_232959.jpg,2017-05-01-232959,1
canadaojp_2017_05_01_235959.jpg,2017-05-01-235959,1
canadaojp_2017_05_02_002959.jpg,2017-05-02-002959,1
canadaojp_2017_05_02_005959.jpg,2017-05-02-005959,1
canadaojp_2017_05_02_012959.jpg,2017-05-02-012959,1
canadaojp_2017_05_02_015959.jpg,2017-05-02-015959,1
canadaojp_2017_05_02_022958.jpg,2017-05-02-022958,1
canadaojp_2017_05_02_025959.jpg,2017-05-02-025959,1
canadaojp_2017_05_02_032959.jpg,2017-05-02-032959,1
canadaojp_2017_05_02_035959.jpg,2017-05-02-035959,1
canadaojp_2017_05_02_042959.jpg,2017-05-02-042959,1
canadaojp_2017_05_02_045959.jpg,2017-05-02-045959,1
canadaojp_2017_05_02_052959.jpg,2017-05-02-052959,0
canadaojp_2017_05_02_055959.jpg,2017-05-02-055959,0
canadaojp_2017_05_02_062959.jpg,2017-05-02-062959,0
canadaojp_2017_05_02_065959.jpg,2017-05-02-065959,0
canadaojp_2017_05_02_072959.jpg,2017-05-02-072959,0
canadaojp_2017_05_02_075959.jpg,2017-05-02-075959,0
canadaojp_2017_05_02_082959.jpg,2017-05-02-082959,0
canadaojp_2017_05_02_085958.jpg,2017-05-02-085958,0
canadaojp_2017_05_02_092959.jpg,2017-05-02-092959,0
canadaojp_2017_05_02_095959.jpg,2017-05-02-095959,1
canadaojp_2017_05_02_102959.jpg,2017-05-02-102959,1
canadaojp_2017_05_02_105959.jpg,2017-05-02-105959,0
canadaojp_2017_05_02_112959.jpg,2017-05-02-112959,0
canadaojp_2017_05_02_115959.jpg,2017-05-02-115959,1
canadaojp_2017_05_02_122959.jpg,2017-05-02-122959,0
canadaojp_2017_05_02_125959.jpg,2017-05-02-125959,1
canadaojp_2017_05_02_132959.jpg,2017-05-02-132959,1
canadaojp_2017_05_02_135959.jpg,2017-05-02-135959,0
canadaojp_2017_05_02_142959.jpg,2017-05-02-142959,0
canadaojp_2017_05_02_145959.jpg,2017-05-02-145959,0
canadaojp_2017_05_02_152958.jpg,2017-05-02-152958,0
canadaojp_2017_05_02_155959.jpg,2017-05-02-155959,0
canadaojp_2017_05_02_162959.jpg,2017-05-02-162959,0
canadaojp_2017_05_02_165959.jpg,2017-05-02-165959,0
canadaojp_2017_05_02_172959.jpg,2017-05-02-172959,0
canadaojp_2017_05_02_175959.jpg,2017-05-02-175959,0
canadaojp_2017_05_02_182959.jpg,2017-05-02-182959,0
canadaojp_2017_05_02_185959.jpg,2017-05-02-185959,0
canadaojp_2017_05_02_192959.jpg,2017-05-02-192959,0
canadaojp_2017_05_02_195959.jpg,2017-05-02-195959,0
canadaojp_2017_05_02_202959.jpg,2017-05-02-202959,1
canadaojp_2017_05_02_205959.jpg,2017-05-02-205959,1
canadaojp_2017_05_02_212959.jpg,2017-05-02-212959,1
canadaojp_2017_05_02_215958.jpg,2017-05-02-215958,1
canadaojp_2017_05_02_222959.jpg,2017-05-02-222959,1
canadaojp_2017_05_02_225959.jpg,2017-05-02-225959,1
canadaojp_2017_05_02_232959.jpg,2017-05-02-232959,1
canadaojp_2017_05_02_235959.jpg,2017-05-02-235959,1
canadaojp_2017_05_03_002959.jpg,2017-05-03-002959,1
canadaojp_2017_05_03_005959.jpg,2017-05-03-005959,1
canadaojp_2017_05_03_012959.jpg,2017-05-03-012959,1
canadaojp_2017_05_03_015959.jpg,2017-05-03-015959,1
canadaojp_2017_05_03_022959.jpg,2017-05-03-022959,1
canadaojp_2017_05_03_025959.jpg,2017-05-03-025959,1
canadaojp_2017_05_03_032959.jpg,2017-05-03-032959,1
canadaojp_2017_05_03_035959.jpg,2017-05-03-035959,1
canadaojp_2017_05_03_042959.jpg,2017-05-03-042959,1
canadaojp_2017_05_03_045959.jpg,2017-05-03-045959,1
canadaojp_2017_05_03_052959.jpg,2017-05-03-052959,0
canadaojp_2017_05_03_055959.jpg,2017-05-03-055959,0
canadaojp_2017_05_03_062959.jpg,2017-05-03-062959,0
canadaojp_2017_05_03_065959.jpg,2017-05-03-065959,0
canadaojp_2017_05_03_072959.jpg,2017-05-03-072959,0
canadaojp_2017_05_03_075959.jpg,2017-05-03-075959,0
canadaojp_2017_05_03_082959.jpg,2017-05-03-082959,0
canadaojp_2017_05_03_085959.jpg,2017-05-03-085959,0
canadaojp_2017_05_03_092959.jpg,2017-05-03-092959,0
canadaojp_2017_05_03_095958.jpg,2017-05-03-095958,0
canadaojp_2017_05_03_102959.jpg,2017-05-03-102959,0
canadaojp_2017_05_03_105959.jpg,2017-05-03-105959,0
canadaojp_2017_05_03_112959.jpg,2017-05-03-112959,0
canadaojp_2017_05_03_115959.jpg,2017-05-03-115959,1
canadaojp_2017_05_03_122959.jpg,2017-05-03-122959,0
canadaojp_2017_05_03_125959.jpg,2017-05-03-125959,0
canadaojp_2017_05_03_132959.jpg,2017-05-03-132959,0
canadaojp_2017_05_03_135959.jpg,2017-05-03-135959,0
canadaojp_2017_05_03_142959.jpg,2017-05-03-142959,0
canadaojp_2017_05_03_145959.jpg,2017-05-03-145959,0
canadaojp_2017_05_03_152959.jpg,2017-05-03-152959,0
canadaojp_2017_05_03_155959.jpg,2017-05-03-155959,0
canadaojp_2017_05_03_162958.jpg,2017-05-03-162958,0
canadaojp_2017_05_03_165959.jpg,2017-05-03-165959,0
canadaojp_2017_05_03_172959.jpg,2017-05-03-172959,0
canadaojp_2017_05_03_175959.jpg,2017-05-03-175959,0
canadaojp_2017_05_03_182959.jpg,2017-05-03-182959,0
canadaojp_2017_05_03_185959.jpg,2017-05-03-185959,0
canadaojp_2017_05_03_192959.jpg,2017-05-03-192959,0
canadaojp_2017_05_03_195959.jpg,2017-05-03-195959,1
canadaojp_2017_05_03_202959.jpg,2017-05-03-202959,0
canadaojp_2017_05_03_205959.jpg,2017-05-03-205959,1
canadaojp_2017_05_03_212959.jpg,2017-05-03-212959,1
canadaojp_2017_05_03_215959.jpg,2017-05-03-215959,1
canadaojp_2017_05_03_222959.jpg,2017-05-03-222959,1
canadaojp_2017_05_03_225958.jpg,2017-05-03-225958,1
canadaojp_2017_05_03_232959.jpg,2017-05-03-232959,1
canadaojp_2017_05_03_235959.jpg,2017-05-03-235959,1
canadaojp_2017_05_04_002959.jpg,2017-05-04-002959,1
canadaojp_2017_05_04_005959.jpg,2017-05-04-005959,1
canadaojp_2017_05_04_012959.jpg,2017-05-04-012959,1
canadaojp_2017_05_04_015959.jpg,2017-05-04-015959,1
canadaojp_2017_05_04_022959.jpg,2017-05-04-022959,1
canadaojp_2017_05_04_025959.jpg,2017-05-04-025959,1
canadaojp_2017_05_04_032959.jpg,2017-05-04-032959,1
canadaojp_2017_05_04_035959.jpg,2017-05-04-035959,1
canadaojp_2017_05_04_042959.jpg,2017-05-04-042959,1
canadaojp_2017_05_04_045959.jpg,2017-05-04-045959,1
canadaojp_2017_05_04_052958.jpg,2017-05-04-052958,0
canadaojp_2017_05_04_055959.jpg,2017-05-04-055959,0
canadaojp_2017_05_04_062959.jpg,2017-05-04-062959,0
canadaojp_2017_05_04_065959.jpg,2017-05-04-065959,0
canadaojp_2017_05_04_072959.jpg,2017-05-04-072959,0
canadaojp_2017_05_04_075959.jpg,2017-05-04-075959,0
canadaojp_2017_05_04_082959.jpg,2017-05-04-082959,0
canadaojp_2017_05_04_085959.jpg,2017-05-04-085959,0
canadaojp_2017_05_04_092959.jpg,2017-05-04-092959,0
canadaojp_2017_05_04_095959.jpg,2017-05-04-095959,0
canadaojp_2017_05_04_102959.jpg,2017-05-04-102959,0
canadaojp_2017_05_04_105959.jpg,2017-05-04-105959,0
canadaojp_2017_05_04_112959.jpg,2017-05-04-112959,0
canadaojp_2017_05_04_115958.jpg,2017-05-04-115958,0
canadaojp_2017_05_04_122959.jpg,2017-05-04-122959,0
canadaojp_2017_05_04_125959.jpg,2017-05-04-125959,0
canadaojp_2017_05_04_132959.jpg,2017-05-04-132959,1
canadaojp_2017_05_04_135959.jpg,2017-05-04-135959,0
canadaojp_2017_05_04_142959.jpg,2017-05-04-142959,0
canadaojp_2017_05_04_145959.jpg,2017-05-04-145959,0
canadaojp_2017_05_04_152959.jpg,2017-05-04-152959,1
canadaojp_2017_05_04_155959.jpg,2017-05-04-155959,0
canadaojp_2017_05_04_162959.jpg,2017-05-04-162959,0
canadaojp_2017_05_04_165959.jpg,2017-05-04-165959,0
canadaojp_2017_05_04_172959.jpg,2017-05-04-172959,0
canadaojp_2017_05_04_175959.jpg,2017-05-04-175959,0
canadaojp_2017_05_04_182958.jpg,2017-05-04-182958,0
canadaojp_2017_05_04_185959.jpg,2017-05-04-185959,0
canadaojp_2017_05_04_192959.jpg,2017-05-04-192959,0
canadaojp_2017_05_04_195959.jpg,2017-05-04-195959,0
canadaojp_2017_05_04_202959.jpg,2017-05-04-202959,0
canadaojp_2017_05_04_205959.jpg,2017-05-04-205959,1
canadaojp_2017_05_04_212959.jpg,2017-05-04-212959,1
canadaojp_2017_05_04_215959.jpg,2017-05-04-215959,1
canadaojp_2017_05_04_222959.jpg,2017-05-04-222959,1
canadaojp_2017_05_04_225959.jpg,2017-05-04-225959,1
canadaojp_2017_05_04_232959.jpg,2017-05-04-232959,1
canadaojp_2017_05_04_235959.jpg,2017-05-04-235959,1
canadaojp_2017_05_05_002959.jpg,2017-05-05-002959,1
canadaojp_2017_05_05_005958.jpg,2017-05-05-005958,1
canadaojp_2017_05_05_012959.jpg,2017-05-05-012959,1
canadaojp_2017_05_05_015959.jpg,2017-05-05-015959,1
canadaojp_2017_05_05_022959.jpg,2017-05-05-022959,1
canadaojp_2017_05_05_025959.jpg,2017-05-05-025959,1
canadaojp_2017_05_05_032959.jpg,2017-05-05-032959,1
canadaojp_2017_05_05_035959.jpg,2017-05-05-035959,1
canadaojp_2017_05_05_042959.jpg,2017-05-05-042959,1
canadaojp_2017_05_05_045959.jpg,2017-05-05-045959,1
canadaojp_2017_05_05_052959.jpg,2017-05-05-052959,0
canadaojp_2017_05_05_055959.jpg,2017-05-05-055959,0
canadaojp_2017_05_05_062959.jpg,2017-05-05-062959,0
canadaojp_2017_05_05_065959.jpg,2017-05-05-065959,0
canadaojp_2017_05_05_072958.jpg,2017-05-05-072958,0
canadaojp_2017_05_05_075959.jpg,2017-05-05-075959,0
canadaojp_2017_05_05_082959.jpg,2017-05-05-082959,0
canadaojp_2017_05_05_085959.jpg,2017-05-05-085959,0
canadaojp_2017_05_05_092959.jpg,2017-05-05-092959,0
canadaojp_2017_05_05_095959.jpg,2017-05-05-095959,0
canadaojp_2017_05_05_102959.jpg,2017-05-05-102959,0
canadaojp_2017_05_05_105959.jpg,2017-05-05-105959,0
canadaojp_2017_05_05_112959.jpg,2017-05-05-112959,0
canadaojp_2017_05_05_115959.jpg,2017-05-05-115959,0
canadaojp_2017_05_05_122959.jpg,2017-05-05-122959,0
canadaojp_2017_05_05_125959.jpg,2017-05-05-125959,0
canadaojp_2017_05_05_132959.jpg,2017-05-05-132959,0
canadaojp_2017_05_05_135959.jpg,2017-05-05-135959,0
canadaojp_2017_05_05_142959.jpg,2017-05-05-142959,1
canadaojp_2017_05_05_145959.jpg,2017-05-05-145959,0
canadaojp_2017_05_05_152959.jpg,2017-05-05-152959,0
canadaojp_2017_05_05_155959.jpg,2017-05-05-155959,0
canadaojp_2017_05_05_162959.jpg,2017-05-05-162959,0
canadaojp_2017_05_05_165959.jpg,2017-05-05-165959,0
canadaojp_2017_05_05_172959.jpg,2017-05-05-172959,0
canadaojp_2017_05_05_175959.jpg,2017-05-05-175959,0
canadaojp_2017_05_05_182959.jpg,2017-05-05-182959,0
canadaojp_2017_05_05_185959.jpg,2017-05-05-185959,0
canadaojp_2017_05_05_192959.jpg,2017-05-05-192959,0
canadaojp_2017_05_05_195959.jpg,2017-05-05-195959,0
canadaojp_2017_05_05_202959.jpg,2017-05-05-202959,0
canadaojp_2017_05_05_205959.jpg,2017-05-05-205959,1
canadaojp_2017_05_05_212959.jpg,2017-05-05-212959,1
canadaojp_2017_05_05_215959.jpg,2017-05-05-215959,1
canadaojp_2017_05_05_222959.jpg,2017-05-05-222959,1
canadaojp_2017_05_05_225959.jpg,2017-05-05-225959,1
canadaojp_2017_05_05_232959.jpg,2017-05-05-232959,1
canadaojp_2017_05_05_235959.jpg,2017-05-05-235959,1
canadaojp_2017_05_06_002959.jpg,2017-05-06-002959,1
canadaojp_2017_05_06_005959.jpg,2017-05-06-005959,1
canadaojp_2017_05_06_012959.jpg,2017-05-06-012959,1
canadaojp_2017_05_06_015958.jpg,2017-05-06-015958,1
canadaojp_2017_05_06_022959.jpg,2017-05-06-022959,1
canadaojp_2017_05_06_025959.jpg,2017-05-06-025959,1
canadaojp_2017_05_06_032959.jpg,2017-05-06-032959,1
canadaojp_2017_05_06_035959.jpg,2017-05-06-035959,1
canadaojp_2017_05_06_042959.jpg,2017-05-06-042959,1
canadaojp_2017_05_06_045959.jpg,2017-05-06-045959,0
canadaojp_2017_05_06_052959.jpg,2017-05-06-052959,0
canadaojp_2017_05_06_055959.jpg,2017-05-06-055959,0
canadaojp_2017_05_06_062959.jpg,2017-05-06-062959,0
canadaojp_2017_05_06_065959.jpg,2017-05-06-065959,0
canadaojp_2017_05_06_072959.jpg,2017-05-06-072959,0
canadaojp_2017_05_06_075959.jpg,2017-05-06-075959,0
canadaojp_2017_05_06_082958.jpg,2017-05-06-082958,0
canadaojp_2017_05_06_085959.jpg,2017-05-06-085959,0
canadaojp_2017_05_06_092959.jpg,2017-05-06-092959,0
canadaojp_2017_05_06_095959.jpg,2017-05-06-095959,0
canadaojp_2017_05_06_102959.jpg,2017-05-06-102959,0
canadaojp_2017_05_06_105959.jpg,2017-05-06-105959,0
canadaojp_2017_05_06_112959.jpg,2017-05-06-112959,0
canadaojp_2017_05_06_115959.jpg,2017-05-06-115959,0
canadaojp_2017_05_06_122959.jpg,2017-05-06-122959,0
canadaojp_2017_05_06_125959.jpg,2017-05-06-125959,0
canadaojp_2017_05_06_132959.jpg,2017-05-06-132959,0
canadaojp_2017_05_06_135959.jpg,2017-05-06-135959,0
canadaojp_2017_05_06_142959.jpg,2017-05-06-142959,0
canadaojp_2017_05_06_145958.jpg,2017-05-06-145958,0
canadaojp_2017_05_06_152959.jpg,2017-05-06-152959,1
canadaojp_2017_05_06_155959.jpg,2017-05-06-155959,0
canadaojp_2017_05_06_162959.jpg,2017-05-06-162959,0
canadaojp_2017_05_06_165959.jpg,2017-05-06-165959,0
canadaojp_2017_05_06_172959.jpg,2017-05-06-172959,0
canadaojp_2017_05_06_175959.jpg,2017-05-06-175959,0
canadaojp_2017_05_06_182959.jpg,2017-05-06-182959,0
canadaojp_2017_05_06_185959.jpg,2017-05-06-185959,0
canadaojp_2017_05_06_192959.jpg,2017-05-06-192959,0
canadaojp_2017_05_06_195959.jpg,2017-05-06-195959,0
canadaojp_2017_05_06_202959.jpg,2017-05-06-202959,0
canadaojp_2017_05_06_205959.jpg,2017-05-06-205959,1
canadaojp_2017_05_06_212958.jpg,2017-05-06-212958,1
canadaojp_2017_05_06_215959.jpg,2017-05-06-215959,1
canadaojp_2017_05_06_222959.jpg,2017-05-06-222959,1
canadaojp_2017_05_06_225959.jpg,2017-05-06-225959,1
canadaojp_2017_05_06_232959.jpg,2017-05-06-232959,1
canadaojp_2017_05_06_235959.jpg,2017-05-06-235959,1
canadaojp_2017_05_07_002959.jpg,2017-05-07-002959,1
canadaojp_2017_05_07_005959.jpg,2017-05-07-005959,1
canadaojp_2017_05_07_012959.jpg,2017-05-07-012959,1
canadaojp_2017_05_07_015959.jpg,2017-05-07-015959,1
canadaojp_2017_05_07_022959.jpg,2017-05-07-022959,1
canadaojp_2017_05_07_025959.jpg,2017-05-07-025959,1
canadaojp_2017_05_07_032959.jpg,2017-05-07-032959,1
canadaojp_2017_05_07_035958.jpg,2017-05-07-035958,1
canadaojp_2017_05_07_042959.jpg,2017-05-07-042959,1
canadaojp_2017_05_07_045959.jpg,2017-05-07-045959,1
canadaojp_2017_05_07_052959.jpg,2017-05-07-052959,0
canadaojp_2017_05_07_055959.jpg,2017-05-07-055959,0
canadaojp_2017_05_07_062959.jpg,2017-05-07-062959,0
canadaojp_2017_05_07_065959.jpg,2017-05-07-065959,0
canadaojp_2017_05_07_072959.jpg,2017-05-07-072959,0
canadaojp_2017_05_07_075959.jpg,2017-05-07-075959,0
canadaojp_2017_05_07_082959.jpg,2017-05-07-082959,0
canadaojp_2017_05_07_085959.jpg,2017-05-07-085959,0
canadaojp_2017_05_07_092959.jpg,2017-05-07-092959,0
canadaojp_2017_05_07_095959.jpg,2017-05-07-095959,0
canadaojp_2017_05_07_102958.jpg,2017-05-07-102958,0
canadaojp_2017_05_07_105959.jpg,2017-05-07-105959,0
canadaojp_2017_05_07_112959.jpg,2017-05-07-112959,0
canadaojp_2017_05_07_115959.jpg,2017-05-07-115959,0
canadaojp_2017_05_07_122959.jpg,2017-05-07-122959,0
canadaojp_2017_05_07_125959.jpg,2017-05-07-125959,0
canadaojp_2017_05_07_132959.jpg,2017-05-07-132959,0
canadaojp_2017_05_07_135959.jpg,2017-05-07-135959,0
canadaojp_2017_05_07_142959.jpg,2017-05-07-142959,0
canadaojp_2017_05_07_145959.jpg,2017-05-07-145959,0
canadaojp_2017_05_07_152959.jpg,2017-05-07-152959,0
canadaojp_2017_05_07_155959.jpg,2017-05-07-155959,0
canadaojp_2017_05_07_162959.jpg,2017-05-07-162959,0
canadaojp_2017_05_07_165958.jpg,2017-05-07-165958,0
canadaojp_2017_05_07_172959.jpg,2017-05-07-172959,0
canadaojp_2017_05_07_175959.jpg,2017-05-07-175959,0
canadaojp_2017_05_07_182959.jpg,2017-05-07-182959,0
canadaojp_2017_05_07_185959.jpg,2017-05-07-185959,0
canadaojp_2017_05_07_192959.jpg,2017-05-07-192959,0
canadaojp_2017_05_07_195959.jpg,2017-05-07-195959,0
canadaojp_2017_05_07_202959.jpg,2017-05-07-202959,0
canadaojp_2017_05_07_205959.jpg,2017-05-07-205959,1
canadaojp_2017_05_07_212959.jpg,2017-05-07-212959,1
canadaojp_2017_05_07_215959.jpg,2017-05-07-215959,1
canadaojp_2017_05_07_222959.jpg,2017-05-07-222959,1
canadaojp_2017_05_07_225959.jpg,2017-05-07-225959,1
canadaojp_2017_05_07_232958.jpg,2017-05-07-232958,1
canadaojp_2017_05_07_235959.jpg,2017-05-07-235959,1
canadaojp_2017_05_08_002959.jpg,2017-05-08-002959,1
canadaojp_2017_05_08_005959.jpg,2017-05-08-005959,1
canadaojp_2017_05_08_012959.jpg,2017-05-08-012959,1
canadaojp_2017_05_08_015959.jpg,2017-05-08-015959,1
canadaojp_2017_05_08_022959.jpg,2017-05-08-022959,1
canadaojp_2017_05_08_025959.jpg,2017-05-08-025959,1
canadaojp_2017_05_08_032959.jpg,2017-05-08-032959,1
canadaojp_2017_05_08_035959.jpg,2017-05-08-035959,1
canadaojp_2017_05_08_042959.jpg,2017-05-08-042959,1
canadaojp_2017_05_08_045959.jpg,2017-05-08-045959,1
canadaojp_2017_05_08_052959.jpg,2017-05-08-052959,0
canadaojp_2017_05_08_055959.jpg,2017-05-08-055959,0
canadaojp_2017_05_08_062959.jpg,2017-05-08-062959,0
canadaojp_2017_05_08_065959.jpg,2017-05-08-065959,0
canadaojp_2017_05_08_072959.jpg,2017-05-08-072959,0
canadaojp_2017_05_08_075959.jpg,2017-05-08-075959,0
canadaojp_2017_05_08_082959.jpg,2017-05-08-082959,0
canadaojp_2017_05_08_085959.jpg,2017-05-08-085959,0
canadaojp_2017_05_08_092959.jpg,2017-05-08-092959,0
canadaojp_2017_05_08_095959.jpg,2017-05-08-095959,0
canadaojp_2017_05_08_102959.jpg,2017-05-08-102959,0
canadaojp_2017_05_08_105959.jpg,2017-05-08-105959,0
canadaojp_2017_05_08_112959.jpg,2017-05-08-112959,0
canadaojp_2017_05_08_115959.jpg,2017-05-08-115959,0
canadaojp_2017_05_08_122959.jpg,2017-05-08-122959,0
canadaojp_2017_05_08_125959.jpg,2017-05-08-125959,0
canadaojp_2017_05_08_132959.jpg,2017-05-08-132959,0
canadaojp_2017_05_08_135959.jpg,2017-05-08-135959,0
canadaojp_2017_05_08_142959.jpg,2017-05-08-142959,0
canadaojp_2017_05_08_145959.jpg,2017-05-08-145959,0
canadaojp_2017_05_08_152959.jpg,2017-05-08-152959,0
canadaojp_2017_05_08_160000.jpg,2017-05-08-160000,0
canadaojp_2017_05_08_163000.jpg,2017-05-08-163000,0
canadaojp_2017_05_08_170000.jpg,2017-05-08-170000,0
canadaojp_2017_05_08_173000.jpg,2017-05-08-173000,0
canadaojp_2017_05_08_175959.jpg,2017-05-08-175959,0
canadaojp_2017_05_08_183000.jpg,2017-05-08-183000,0
canadaojp_2017_05_08_185959.jpg,2017-05-08-185959,0
canadaojp_2017_05_08_193000.jpg,2017-05-08-193000,0
canadaojp_2017_05_08_195959.jpg,2017-05-08-195959,0
canadaojp_2017_05_08_203000.jpg,2017-05-08-203000,0
canadaojp_2017_05_08_210000.jpg,2017-05-08-210000,1
canadaojp_2017_05_08_213000.jpg,2017-05-08-213000,1
canadaojp_2017_05_08_220000.jpg,2017-05-08-220000,1
canadaojp_2017_05_08_223000.jpg,2017-05-08-223000,1
canadaojp_2017_05_08_230000.jpg,2017-05-08-230000,1
canadaojp_2017_05_08_233000.jpg,2017-05-08-233000,1
canadaojp_2017_05_09_000000.jpg,2017-05-09-000000,1
canadaojp_2017_05_09_002959.jpg,2017-05-09-002959,1
canadaojp_2017_05_09_010000.jpg,2017-05-09-010000,1
canadaojp_2017_05_09_012959.jpg,2017-05-09-012959,1
canadaojp_2017_05_09_020000.jpg,2017-05-09-020000,1
canadaojp_2017_05_09_022959.jpg,2017-05-09-022959,1
canadaojp_2017_05_09_030000.jpg,2017-05-09-030000,1
canadaojp_2017_05_09_033000.jpg,2017-05-09-033000,1
canadaojp_2017_05_09_040000.jpg,2017-05-09-040000,1
canadaojp_2017_05_09_043000.jpg,2017-05-09-043000,1
canadaojp_2017_05_09_050000.jpg,2017-05-09-050000,1
canadaojp_2017_05_09_053000.jpg,2017-05-09-053000,0
canadaojp_2017_05_09_060000.jpg,2017-05-09-060000,0
canadaojp_2017_05_09_063000.jpg,2017-05-09-063000,0
canadaojp_2017_05_09_065959.jpg,2017-05-09-065959,0
canadaojp_2017_05_09_073000.jpg,2017-05-09-073000,0
canadaojp_2017_05_09_075959.jpg,2017-05-09-075959,0
canadaojp_2017_05_09_083000.jpg,2017-05-09-083000,0
canadaojp_2017_05_09_085959.jpg,2017-05-09-085959,0
canadaojp_2017_05_09_093000.jpg,2017-05-09-093000,0
canadaojp_2017_05_09_100000.jpg,2017-05-09-100000,0
canadaojp_2017_05_09_103000.jpg,2017-05-09-103000,0
canadaojp_2017_05_09_110000.jpg,2017-05-09-110000,0
canadaojp_2017_05_09_113000.jpg,2017-05-09-113000,0
canadaojp_2017_05_09_120000.jpg,2017-05-09-120000,0
canadaojp_2017_05_09_123000.jpg,2017-05-09-123000,0
canadaojp_2017_05_09_130000.jpg,2017-05-09-130000,0
canadaojp_2017_05_09_132959.jpg,2017-05-09-132959,0
canadaojp_2017_05_09_140000.jpg,2017-05-09-140000,0
canadaojp_2017_05_09_142959.jpg,2017-05-09-142959,0
canadaojp_2017_05_09_150000.jpg,2017-05-09-150000,0
canadaojp_2017_05_09_152959.jpg,2017-05-09-152959,0
canadaojp_2017_05_09_160000.jpg,2017-05-09-160000,0
canadaojp_2017_05_09_163000.jpg,2017-05-09-163000,0
canadaojp_2017_05_09_170000.jpg,2017-05-09-170000,0
canadaojp_2017_05_09_173000.jpg,2017-05-09-173000,0
canadaojp_2017_05_09_180000.jpg,2017-05-09-180000,0
canadaojp_2017_05_09_183000.jpg,2017-05-09-183000,0
canadaojp_2017_05_09_190000.jpg,2017-05-09-190000,0
canadaojp_2017_05_09_193000.jpg,2017-05-09-193000,0
canadaojp_2017_05_09_195959.jpg,2017-05-09-195959,0
canadaojp_2017_05_09_203000.jpg,2017-05-09-203000,1
canadaojp_2017_05_09_205959.jpg,2017-05-09-205959,0
canadaojp_2017_05_09_213000.jpg,2017-05-09-213000,1
canadaojp_2017_05_09_215959.jpg,2017-05-09-215959,1
canadaojp_2017_05_09_223000.jpg,2017-05-09-223000,1
canadaojp_2017_05_09_230000.jpg,2017-05-09-230000,1
canadaojp_2017_05_09_233000.jpg,2017-05-09-233000,1
canadaojp_2017_05_10_000000.jpg,2017-05-10-000000,1
canadaojp_2017_05_10_003000.jpg,2017-05-10-003000,1
canadaojp_2017_05_10_010000.jpg,2017-05-10-010000,1
canadaojp_2017_05_10_013000.jpg,2017-05-10-013000,1
canadaojp_2017_05_10_020000.jpg,2017-05-10-020000,1
canadaojp_2017_05_10_022959.jpg,2017-05-10-022959,1
canadaojp_2017_05_10_030000.jpg,2017-05-10-030000,1
canadaojp_2017_05_10_032959.jpg,2017-05-10-032959,1
canadaojp_2017_05_10_040000.jpg,2017-05-10-040000,1
canadaojp_2017_05_10_042959.jpg,2017-05-10-042959,1
canadaojp_2017_05_10_050000.jpg,2017-05-10-050000,0
canadaojp_2017_05_10_053000.jpg,2017-05-10-053000,0
canadaojp_2017_05_10_060000.jpg,2017-05-10-060000,0
canadaojp_2017_05_10_063000.jpg,2017-05-10-063000,0
canadaojp_2017_05_10_070000.jpg,2017-05-10-070000,0
canadaojp_2017_05_10_073000.jpg,2017-05-10-073000,0
canadaojp_2017_05_10_080000.jpg,2017-05-10-080000,0
canadaojp_2017_05_10_083000.jpg,2017-05-10-083000,0
canadaojp_2017_05_10_085959.jpg,2017-05-10-085959,0
canadaojp_2017_05_10_093000.jpg,2017-05-10-093000,0
canadaojp_2017_05_10_095959.jpg,2017-05-10-095959,0
canadaojp_2017_05_10_103000.jpg,2017-05-10-103000,0
canadaojp_2017_05_10_105959.jpg,2017-05-10-105959,0
canadaojp_2017_05_10_113000.jpg,2017-05-10-113000,0
canadaojp_2017_05_10_120000.jpg,2017-05-10-120000,0
canadaojp_2017_05_10_123000.jpg,2017-05-10-123000,0
canadaojp_2017_05_10_130000.jpg,2017-05-10-130000,0
canadaojp_2017_05_10_133000.jpg,2017-05-10-133000,0
canadaojp_2017_05_10_140000.jpg,2017-05-10-140000,0
canadaojp_2017_05_10_143000.jpg,2017-05-10-143000,0
canadaojp_2017_05_10_150000.jpg,2017-05-10-150000,0
canadaojp_2017_05_10_152959.jpg,2017-05-10-152959,0
canadaojp_2017_05_10_160000.jpg,2017-05-10-160000,0
canadaojp_2017_05_10_162959.jpg,2017-05-10-162959,0
canadaojp_2017_05_10_170000.jpg,2017-05-10-170000,0
canadaojp_2017_05_10_172959.jpg,2017-05-10-172959,0
canadaojp_2017_05_10_180000.jpg,2017-05-10-180000,0
canadaojp_2017_05_10_183000.jpg,2017-05-10-183000,0
canadaojp_2017_05_10_190000.jpg,2017-05-10-190000,0
canadaojp_2017_05_10_193000.jpg,2017-05-10-193000,0
canadaojp_2017_05_10_200000.jpg,2017-05-10-200000,0
canadaojp_2017_05_10_203000.jpg,2017-05-10-203000,0
canadaojp_2017_05_10_210000.jpg,2017-05-10-210000,1
canadaojp_2017_05_10_213000.jpg,2017-05-10-213000,1
canadaojp_2017_05_10_215959.jpg,2017-05-10-215959,1
canadaojp_2017_05_10_223000.jpg,2017-05-10-223000,1
canadaojp_2017_05_10_225959.jpg,2017-05-10-225959,1
canadaojp_2017_05_10_233000.jpg,2017-05-10-233000,1
canadaojp_2017_05_10_235959.jpg,2017-05-10-235959,1
canadaojp_2017_05_11_003000.jpg,2017-05-11-003000,1
canadaojp_2017_05_11_010000.jpg,2017-05-11-010000,1
canadaojp_2017_05_11_013000.jpg,2017-05-11-013000,1
canadaojp_2017_05_11_020000.jpg,2017-05-11-020000,1
canadaojp_2017_05_11_023000.jpg,2017-05-11-023000,1
canadaojp_2017_05_11_030000.jpg,2017-05-11-030000,1
canadaojp_2017_05_11_032959.jpg,2017-05-11-032959,1
canadaojp_2017_05_11_040000.jpg,2017-05-11-040000,1
canadaojp_2017_05_11_042959.jpg,2017-05-11-042959,1
canadaojp_2017_05_11_050000.jpg,2017-05-11-050000,1
canadaojp_2017_05_11_052959.jpg,2017-05-11-052959,0
canadaojp_2017_05_11_060000.jpg,2017-05-11-060000,0
canadaojp_2017_05_11_063000.jpg,2017-05-11-063000,0
canadaojp_2017_05_11_070000.jpg,2017-05-11-070000,0
canadaojp_2017_05_11_073000.jpg,2017-05-11-073000,0
canadaojp_2017_05_11_080000.jpg,2017-05-11-080000,0
canadaojp_2017_05_11_083000.jpg,2017-05-11-083000,0
canadaojp_2017_05_11_090000.jpg,2017-05-11-090000,0
canadaojp_2017_05_11_093000.jpg,2017-05-11-093000,0
canadaojp_2017_05_11_095959.jpg,2017-05-11-095959,0
canadaojp_2017_05_11_103000.jpg,2017-05-11-103000,0
canadaojp_2017_05_11_105959.jpg,2017-05-11-105959,0
canadaojp_2017_05_11_113000.jpg,2017-05-11-113000,0
canadaojp_2017_05_11_115959.jpg,2017-05-11-115959,0
canadaojp_2017_05_11_123000.jpg,2017-05-11-123000,0
canadaojp_2017_05_11_130000.jpg,2017-05-11-130000,0
canadaojp_2017_05_11_133000.jpg,2017-05-11-133000,0
canadaojp_2017_05_11_140000.jpg,2017-05-11-140000,0
canadaojp_2017_05_11_143000.jpg,2017-05-11-143000,0
canadaojp_2017_05_11_150000.jpg,2017-05-11-150000,0
canadaojp_2017_05_11_153000.jpg,2017-05-11-153000,0
canadaojp_2017_05_11_160000.jpg,2017-05-11-160000,0
canadaojp_2017_05_11_162959.jpg,2017-05-11-162959,1
canadaojp_2017_05_11_170000.jpg,2017-05-11-170000,0
canadaojp_2017_05_11_172959.jpg,2017-05-11-172959,0
canadaojp_2017_05_11_180000.jpg,2017-05-11-180000,0
canadaojp_2017_05_11_182959.jpg,2017-05-11-182959,0
canadaojp_2017_05_11_190000.jpg,2017-05-11-190000,0
canadaojp_2017_05_11_193000.jpg,2017-05-11-193000,0
canadaojp_2017_05_11_200000.jpg,2017-05-11-200000,0
canadaojp_2017_05_11_203000.jpg,2017-05-11-203000,0
canadaojp_2017_05_11_210000.jpg,2017-05-11-210000,1
canadaojp_2017_05_11_213000.jpg,2017-05-11-213000,1
canadaojp_2017_05_11_220000.jpg,2017-05-11-220000,1
canadaojp_2017_05_11_223000.jpg,2017-05-11-223000,1
canadaojp_2017_05_11_225959.jpg,2017-05-11-225959,1
canadaojp_2017_05_11_233000.jpg,2017-05-11-233000,1
canadaojp_2017_05_11_235959.jpg,2017-05-11-235959,1
canadaojp_2017_05_12_003000.jpg,2017-05-12-003000,1
canadaojp_2017_05_12_005959.jpg,2017-05-12-005959,1
canadaojp_2017_05_12_013000.jpg,2017-05-12-013000,1
canadaojp_2017_05_12_020000.jpg,2017-05-12-020000,1
canadaojp_2017_05_12_023000.jpg,2017-05-12-023000,1
canadaojp_2017_05_12_030000.jpg,2017-05-12-030000,1
canadaojp_2017_05_12_033000.jpg,2017-05-12-033000,1
canadaojp_2017_05_12_040000.jpg,2017-05-12-040000,1
canadaojp_2017_05_12_043000.jpg,2017-05-12-043000,1
canadaojp_2017_05_12_050000.jpg,2017-05-12-050000,0
canadaojp_2017_05_12_052959.jpg,2017-05-12-052959,0
canadaojp_2017_05_12_060000.jpg,2017-05-12-060000,0
canadaojp_2017_05_12_062959.jpg,2017-05-12-062959,0
canadaojp_2017_05_12_070000.jpg,2017-05-12-070000,0
canadaojp_2017_05_12_072959.jpg,2017-05-12-072959,0
canadaojp_2017_05_12_080000.jpg,2017-05-12-080000,0
canadaojp_2017_05_12_083000.jpg,2017-05-12-083000,0
canadaojp_2017_05_12_090000.jpg,2017-05-12-090000,0
canadaojp_2017_05_12_093000.jpg,2017-05-12-093000,0
canadaojp_2017_05_12_100000.jpg,2017-05-12-100000,0
canadaojp_2017_05_12_103000.jpg,2017-05-12-103000,0
canadaojp_2017_05_12_110000.jpg,2017-05-12-110000,0
canadaojp_2017_05_12_113000.jpg,2017-05-12-113000,0
canadaojp_2017_05_12_115959.jpg,2017-05-12-115959,0
canadaojp_2017_05_12_123000.jpg,2017-05-12-123000,0
canadaojp_2017_05_12_125959.jpg,2017-05-12-125959,0
canadaojp_2017_05_12_133000.jpg,2017-05-12-133000,0
canadaojp_2017_05_12_135959.jpg,2017-05-12-135959,0
canadaojp_2017_05_12_143000.jpg,2017-05-12-143000,0
canadaojp_2017_05_12_150000.jpg,2017-05-12-150000,0
canadaojp_2017_05_12_153000.jpg,2017-05-12-153000,0
canadaojp_2017_05_12_160000.jpg,2017-05-12-160000,0
canadaojp_2017_05_12_163000.jpg,2017-05-12-163000,0
canadaojp_2017_05_12_170000.jpg,2017-05-12-170000,0
canadaojp_2017_05_12_173000.jpg,2017-05-12-173000,0
canadaojp_2017_05_12_180000.jpg,2017-05-12-180000,0
canadaojp_2017_05_12_182959.jpg,2017-05-12-182959,0
canadaojp_2017_05_12_190000.jpg,2017-05-12-190000,0
canadaojp_2017_05_12_192959.jpg,2017-05-12-192959,0
canadaojp_2017_05_12_200000.jpg,2017-05-12-200000,0
canadaojp_2017_05_12_202959.jpg,2017-05-12-202959,0
canadaojp_2017_05_12_210000.jpg,2017-05-12-210000,1
canadaojp_2017_05_12_213000.jpg,2017-05-12-213000,1
canadaojp_2017_05_12_220000.jpg,2017-05-12-220000,1
canadaojp_2017_05_12_223000.jpg,2017-05-12-223000,1
canadaojp_2017_05_12_230000.jpg,2017-05-12-230000,1
canadaojp_2017_05_12_233000.jpg,2017-05-12-233000,1
canadaojp_2017_05_13_000000.jpg,2017-05-13-000000,1
canadaojp_2017_05_13_003000.jpg,2017-05-13-003000,1
canadaojp_2017_05_13_005959.jpg,2017-05-13-005959,1
canadaojp_2017_05_13_013000.jpg,2017-05-13-013000,1
canadaojp_2017_05_13_015959.jpg,2017-05-13-015959,1
canadaojp_2017_05_13_023000.jpg,2017-05-13-023000,1
canadaojp_2017_05_13_025959.jpg,2017-05-13-025959,1
canadaojp_2017_05_13_033000.jpg,2017-05-13-033000,1
canadaojp_2017_05_13_040000.jpg,2017-05-13-040000,1
canadaojp_2017_05_13_043000.jpg,2017-05-13-043000,1
canadaojp_2017_05_13_050000.jpg,2017-05-13-050000,1
canadaojp_2017_05_13_053000.jpg,2017-05-13-053000,0
canadaojp_2017_05_13_060000.jpg,2017-05-13-060000,0
canadaojp_2017_05_13_063000.jpg,2017-05-13-063000,0
canadaojp_2017_05_13_070000.jpg,2017-05-13-070000,0
canadaojp_2017_05_13_072959.jpg,2017-05-13-072959,0
canadaojp_2017_05_13_080000.jpg,2017-05-13-080000,0
canadaojp_2017_05_13_082959.jpg,2017-05-13-082959,0
canadaojp_2017_05_13_090000.jpg,2017-05-13-090000,0
canadaojp_2017_05_13_092959.jpg,2017-05-13-092959,0
canadaojp_2017_05_13_100000.jpg,2017-05-13-100000,0
canadaojp_2017_05_13_103000.jpg,2017-05-13-103000,0
canadaojp_2017_05_13_110000.jpg,2017-05-13-110000,0
canadaojp_2017_05_13_113000.jpg,2017-05-13-113000,0
canadaojp_2017_05_13_120000.jpg,2017-05-13-120000,0
canadaojp_2017_05_13_123000.jpg,2017-05-13-123000,0
canadaojp_2017_05_13_130000.jpg,2017-05-13-130000,0
canadaojp_2017_05_13_133000.jpg,2017-05-13-133000,0
canadaojp_2017_05_13_135959.jpg,2017-05-13-135959,0
canadaojp_2017_05_13_143000.jpg,2017-05-13-143000,0
canadaojp_2017_05_13_145959.jpg,2017-05-13-145959,0
canadaojp_2017_05_13_153000.jpg,2017-05-13-153000,0
canadaojp_2017_05_13_155959.jpg,2017-05-13-155959,0
canadaojp_2017_05_13_163000.jpg,2017-05-13-163000,0
canadaojp_2017_05_13_170000.jpg,2017-05-13-170000,0
canadaojp_2017_05_13_173000.jpg,2017-05-13-173000,0
canadaojp_2017_05_13_180000.jpg,2017-05-13-180000,0
canadaojp_2017_05_13_183000.jpg,2017-05-13-183000,0
canadaojp_2017_05_13_190000.jpg,2017-05-13-190000,0
canadaojp_2017_05_13_192959.jpg,2017-05-13-192959,0
canadaojp_2017_05_13_200000.jpg,2017-05-13-200000,0
canadaojp_2017_05_13_202959.jpg,2017-05-13-202959,0
canadaojp_2017_05_13_210000.jpg,2017-05-13-210000,0
canadaojp_2017_05_13_212959.jpg,2017-05-13-212959,1
canadaojp_2017_05_13_220000.jpg,2017-05-13-220000,1
canadaojp_2017_05_13_223000.jpg,2017-05-13-223000,1
canadaojp_2017_05_13_230000.jpg,2017-05-13-230000,1
canadaojp_2017_05_13_233000.jpg,2017-05-13-233000,1
canadaojp_2017_05_14_000000.jpg,2017-05-14-000000,1
canadaojp_2017_05_14_003000.jpg,2017-05-14-003000,1
canadaojp_2017_05_14_010000.jpg,2017-05-14-010000,1
canadaojp_2017_05_14_013000.jpg,2017-05-14-013000,1
canadaojp_2017_05_14_015959.jpg,2017-05-14-015959,1
canadaojp_2017_05_14_023000.jpg,2017-05-14-023000,1
canadaojp_2017_05_14_025959.jpg,2017-05-14-025959,1
canadaojp_2017_05_14_033000.jpg,2017-05-14-033000,1
canadaojp_2017_05_14_035959.jpg,2017-05-14-035959,1
canadaojp_2017_05_14_043000.jpg,2017-05-14-043000,1
canadaojp_2017_05_14_050000.jpg,2017-05-14-050000,0
canadaojp_2017_05_14_053000.jpg,2017-05-14-053000,0
canadaojp_2017_05_14_060000.jpg,2017-05-14-060000,0
canadaojp_2017_05_14_063000.jpg,2017-05-14-063000,0
canadaojp_2017_05_14_070000.jpg,2017-05-14-070000,0
canadaojp_2017_05_14_073000.jpg,2017-05-14-073000,0
canadaojp_2017_05_14_080000.jpg,2017-05-14-080000,0
canadaojp_2017_05_14_082959.jpg,2017-05-14-082959,0
canadaojp_2017_05_14_090000.jpg,2017-05-14-090000,0
canadaojp_2017_05_14_092959.jpg,2017-05-14-092959,0
canadaojp_2017_05_14_100000.jpg,2017-05-14-100000,0
canadaojp_2017_05_14_102959.jpg,2017-05-14-102959,0
canadaojp_2017_05_14_110000.jpg,2017-05-14-110000,0
canadaojp_2017_05_14_113000.jpg,2017-05-14-113000,0
canadaojp_2017_05_14_120000.jpg,2017-05-14-120000,0
canadaojp_2017_05_14_123000.jpg,2017-05-14-123000,0
canadaojp_2017_05_14_130000.jpg,2017-05-14-130000,0
canadaojp_2017_05_14_133000.jpg,2017-05-14-133000,0
canadaojp_2017_05_14_140000.jpg,2017-05-14-140000,0
canadaojp_2017_05_14_143000.jpg,2017-05-14-143000,0
canadaojp_2017_05_14_145959.jpg,2017-05-14-145959,0
canadaojp_2017_05_14_153000.jpg,2017-05-14-153000,0
canadaojp_2017_05_14_155959.jpg,2017-05-14-155959,0
canadaojp_2017_05_14_163000.jpg,2017-05-14-163000,0
canadaojp_2017_05_14_165959.jpg,2017-05-14-165959,0
canadaojp_2017_05_14_173000.jpg,2017-05-14-173000,0
canadaojp_2017_05_14_180000.jpg,2017-05-14-180000,1
canadaojp_2017_05_14_183000.jpg,2017-05-14-183000,1
canadaojp_2017_05_14_190000.jpg,2017-05-14-190000,1
canadaojp_2017_05_14_193000.jpg,2017-05-14-193000,0
canadaojp_2017_05_14_200000.jpg,2017-05-14-200000,0
canadaojp_2017_05_14_203000.jpg,2017-05-14-203000,1
canadaojp_2017_05_14_210000.jpg,2017-05-14-210000,1
canadaojp_2017_05_14_212959.jpg,2017-05-14-212959,1
canadaojp_2017_05_14_220000.jpg,2017-05-14-220000,1
canadaojp_2017_05_14_222959.jpg,2017-05-14-222959,1
canadaojp_2017_05_14_230000.jpg,2017-05-14-230000,1
canadaojp_2017_05_14_232959.jpg,2017-05-14-232959,1
canadaojp_2017_05_15_000000.jpg,2017-05-15-000000,1
canadaojp_2017_05_15_003000.jpg,2017-05-15-003000,1
canadaojp_2017_05_15_010000.jpg,2017-05-15-010000,1
canadaojp_2017_05_15_013000.jpg,2017-05-15-013000,1
canadaojp_2017_05_15_020000.jpg,2017-05-15-020000,1
canadaojp_2017_05_15_023000.jpg,2017-05-15-023000,1
canadaojp_2017_05_15_030000.jpg,2017-05-15-030000,1
canadaojp_2017_05_15_033000.jpg,2017-05-15-033000,1
canadaojp_2017_05_15_035959.jpg,2017-05-15-035959,1
canadaojp_2017_05_15_043000.jpg,2017-05-15-043000,1
canadaojp_2017_05_15_045959.jpg,2017-05-15-045959,0
canadaojp_2017_05_15_053000.jpg,2017-05-15-053000,0
canadaojp_2017_05_15_055959.jpg,2017-05-15-055959,0
canadaojp_2017_05_15_063000.jpg,2017-05-15-063000,0
canadaojp_2017_05_15_070000.jpg,2017-05-15-070000,0
canadaojp_2017_05_15_073000.jpg,2017-05-15-073000,0
canadaojp_2017_05_15_080000.jpg,2017-05-15-080000,0
canadaojp_2017_05_15_083000.jpg,2017-05-15-083000,0
canadaojp_2017_05_15_090000.jpg,2017-05-15-090000,0
canadaojp_2017_05_15_093000.jpg,2017-05-15-093000,0
canadaojp_2017_05_15_100000.jpg,2017-05-15-100000,0
canadaojp_2017_05_15_102959.jpg,2017-05-15-102959,0
canadaojp_2017_05_15_110000.jpg,2017-05-15-110000,0
canadaojp_2017_05_15_112959.jpg,2017-05-15-112959,0
canadaojp_2017_05_15_120000.jpg,2017-05-15-120000,0
canadaojp_2017_05_15_122959.jpg,2017-05-15-122959,0
canadaojp_2017_05_18_003000.jpg,2017-05-18-003000,1
canadaojp_2017_05_25_132959.jpg,2017-05-25-132959,0
canadaojp_2017_05_25_140000.jpg,2017-05-25-140000,0
canadaojp_2017_05_25_142959.jpg,2017-05-25-142959,0
canadaojp_2017_05_25_150000.jpg,2017-05-25-150000,0
canadaojp_2017_05_25_152959.jpg,2017-05-25-152959,1
canadaojp_2017_05_25_155959.jpg,2017-05-25-155959,1
canadaojp_2017_05_25_162959.jpg,2017-05-25-162959,0
canadaojp_2017_05_25_165959.jpg,2017-05-25-165959,0
canadaojp_2017_05_25_172959.jpg,2017-05-25-172959,0
canadaojp_2017_05_25_175959.jpg,2017-05-25-175959,0
canadaojp_2017_05_25_183000.jpg,2017-05-25-183000,0
canadaojp_2017_05_25_185959.jpg,2017-05-25-185959,0
canadaojp_2017_05_25_193000.jpg,2017-05-25-193000,0
canadaojp_2017_05_25_195959.jpg,2017-05-25-195959,0
canadaojp_2017_05_25_203000.jpg,2017-05-25-203000,0
canadaojp_2017_05_25_205959.jpg,2017-05-25-205959,0
canadaojp_2017_05_25_213000.jpg,2017-05-25-213000,1
canadaojp_2017_05_25_215959.jpg,2017-05-25-215959,1
canadaojp_2017_05_25_222959.jpg,2017-05-25-222959,1
canadaojp_2017_05_25_225959.jpg,2017-05-25-225959,1
canadaojp_2017_05_25_232959.jpg,2017-05-25-232959,1
canadaojp_2017_05_25_235959.jpg,2017-05-25-235959,1
canadaojp_2017_05_26_002959.jpg,2017-05-26-002959,1
canadaojp_2017_05_26_010000.jpg,2017-05-26-010000,1
canadaojp_2017_05_26_012959.jpg,2017-05-26-012959,1
canadaojp_2017_05_26_020000.jpg,2017-05-26-020000,1
canadaojp_2017_05_26_022959.jpg,2017-05-26-022959,1
canadaojp_2017_05_26_030000.jpg,2017-05-26-030000,1
canadaojp_2017_05_26_032959.jpg,2017-05-26-032959,1
canadaojp_2017_05_26_035959.jpg,2017-05-26-035959,1
canadaojp_2017_05_26_042959.jpg,2017-05-26-042959,0
canadaojp_2017_05_26_045959.jpg,2017-05-26-045959,0
canadaojp_2017_05_26_052959.jpg,2017-05-26-052959,0
canadaojp_2017_05_26_055959.jpg,2017-05-26-055959,0
canadaojp_2017_05_26_062959.jpg,2017-05-26-062959,0
canadaojp_2017_05_26_065959.jpg,2017-05-26-065959,0
canadaojp_2017_05_26_073000.jpg,2017-05-26-073000,0
canadaojp_2017_05_26_075959.jpg,2017-05-26-075959,0
canadaojp_2017_05_26_083000.jpg,2017-05-26-083000,0
canadaojp_2017_05_26_085959.jpg,2017-05-26-085959,0
canadaojp_2017_05_26_093000.jpg,2017-05-26-093000,0
canadaojp_2017_05_26_095959.jpg,2017-05-26-095959,0
canadaojp_2017_05_26_102959.jpg,2017-05-26-102959,0
canadaojp_2017_05_26_105959.jpg,2017-05-26-105959,0
canadaojp_2017_05_26_112959.jpg,2017-05-26-112959,0
canadaojp_2017_05_26_115959.jpg,2017-05-26-115959,0
canadaojp_2017_05_26_122959.jpg,2017-05-26-122959,0
canadaojp_2017_05_26_125959.jpg,2017-05-26-125959,0
canadaojp_2017_05_26_132959.jpg,2017-05-26-132959,0
canadaojp_2017_05_26_140000.jpg,2017-05-26-140000,0
canadaojp_2017_05_26_142959.jpg,2017-05-26-142959,0
canadaojp_2017_05_26_150000.jpg,2017-05-26-150000,0
canadaojp_2017_05_26_152959.jpg,2017-05-26-152959,0
canadaojp_2017_05_26_160000.jpg,2017-05-26-160000,0
canadaojp_2017_05_26_162959.jpg,2017-05-26-162959,0
canadaojp_2017_05_26_165959.jpg,2017-05-26-165959,0
canadaojp_2017_05_26_172959.jpg,2017-05-26-172959,0
canadaojp_2017_05_26_175959.jpg,2017-05-26-175959,0
canadaojp_2017_05_26_182959.jpg,2017-05-26-182959,0
canadaojp_2017_05_26_185959.jpg,2017-05-26-185959,0
canadaojp_2017_05_26_192959.jpg,2017-05-26-192959,0
canadaojp_2017_05_26_195959.jpg,2017-05-26-195959,0
canadaojp_2017_05_26_203000.jpg,2017-05-26-203000,0
canadaojp_2017_05_26_205959.jpg,2017-05-26-205959,0
canadaojp_2017_05_26_213000.jpg,2017-05-26-213000,0
canadaojp_2017_05_26_215959.jpg,2017-05-26-215959,1
canadaojp_2017_05_26_223000.jpg,2017-05-26-223000,1
canadaojp_2017_05_26_225959.jpg,2017-05-26-225959,1
canadaojp_2017_05_26_232959.jpg,2017-05-26-232959,1
canadaojp_2017_05_26_235959.jpg,2017-05-26-235959,1
canadaojp_2017_05_27_002959.jpg,2017-05-27-002959,1
canadaojp_2017_05_27_005959.jpg,2017-05-27-005959,1
canadaojp_2017_05_27_012959.jpg,2017-05-27-012959,1
canadaojp_2017_05_27_015959.jpg,2017-05-27-015959,1
canadaojp_2017_05_27_022959.jpg,2017-05-27-022959,1
canadaojp_2017_05_27_030000.jpg,2017-05-27-030000,1
canadaojp_2017_05_27_032959.jpg,2017-05-27-032959,1
canadaojp_2017_05_27_040000.jpg,2017-05-27-040000,1
canadaojp_2017_05_27_042959.jpg,2017-05-27-042959,0
canadaojp_2017_05_27_050000.jpg,2017-05-27-050000,0
canadaojp_2017_05_27_052959.jpg,2017-05-27-052959,0
canadaojp_2017_05_27_055959.jpg,2017-05-27-055959,0
canadaojp_2017_05_27_062959.jpg,2017-05-27-062959,0
canadaojp_2017_05_27_065959.jpg,2017-05-27-065959,0
canadaojp_2017_05_27_072959.jpg,2017-05-27-072959,0
canadaojp_2017_05_27_075959.jpg,2017-05-27-075959,0
canadaojp_2017_05_27_083000.jpg,2017-05-27-083000,0
canadaojp_2017_05_27_085959.jpg,2017-05-27-085959,0
canadaojp_2017_05_27_093000.jpg,2017-05-27-093000,0
canadaojp_2017_05_27_095959.jpg,2017-05-27-095959,0
canadaojp_2017_05_27_103000.jpg,2017-05-27-103000,0
canadaojp_2017_05_27_105959.jpg,2017-05-27-105959,0
canadaojp_2017_05_27_113000.jpg,2017-05-27-113000,1
canadaojp_2017_05_27_115959.jpg,2017-05-27-115959,0
canadaojp_2017_05_27_122959.jpg,2017-05-27-122959,0
canadaojp_2017_05_27_125959.jpg,2017-05-27-125959,0
canadaojp_2017_05_27_132959.jpg,2017-05-27-132959,0
canadaojp_2017_05_27_135959.jpg,2017-05-27-135959,0
canadaojp_2017_05_27_142959.jpg,2017-05-27-142959,0
canadaojp_2017_05_27_150000.jpg,2017-05-27-150000,0
canadaojp_2017_05_27_152959.jpg,2017-05-27-152959,0
canadaojp_2017_05_27_160000.jpg,2017-05-27-160000,0
canadaojp_2017_05_27_162959.jpg,2017-05-27-162959,0
canadaojp_2017_05_27_170000.jpg,2017-05-27-170000,1
canadaojp_2017_05_27_172959.jpg,2017-05-27-172959,0
canadaojp_2017_05_27_180000.jpg,2017-05-27-180000,0
canadaojp_2017_05_27_182959.jpg,2017-05-27-182959,0
canadaojp_2017_05_27_185959.jpg,2017-05-27-185959,0
canadaojp_2017_05_27_192959.jpg,2017-05-27-192959,0
canadaojp_2017_05_27_195959.jpg,2017-05-27-195959,0
canadaojp_2017_05_27_202959.jpg,2017-05-27-202959,0
canadaojp_2017_05_27_205959.jpg,2017-05-27-205959,0
canadaojp_2017_05_27_213000.jpg,2017-05-27-213000,0
canadaojp_2017_05_27_215959.jpg,2017-05-27-215959,1
canadaojp_2017_05_27_223000.jpg,2017-05-27-223000,1
canadaojp_2017_05_27_225959.jpg,2017-05-27-225959,1
canadaojp_2017_05_27_233000.jpg,2017-05-27-233000,1
canadaojp_2017_05_27_235959.jpg,2017-05-27-235959,1
canadaojp_2017_05_28_003000.jpg,2017-05-28-003000,1
canadaojp_2017_05_28_005959.jpg,2017-05-28-005959,1
canadaojp_2017_05_28_012959.jpg,2017-05-28-012959,1
canadaojp_2017_05_28_015959.jpg,2017-05-28-015959,1
canadaojp_2017_05_28_022959.jpg,2017-05-28-022959,1
canadaojp_2017_05_28_025959.jpg,2017-05-28-025959,1
canadaojp_2017_05_28_032959.jpg,2017-05-28-032959,1
canadaojp_2017_05_28_040000.jpg,2017-05-28-040000,1
canadaojp_2017_05_28_042959.jpg,2017-05-28-042959,0
canadaojp_2017_05_28_050000.jpg,2017-05-28-050000,0
canadaojp_2017_05_28_052959.jpg,2017-05-28-052959,0
canadaojp_2017_05_28_060000.jpg,2017-05-28-060000,0
canadaojp_2017_05_28_062959.jpg,2017-05-28-062959,0
canadaojp_2017_05_28_070000.jpg,2017-05-28-070000,0
canadaojp_2017_05_28_072959.jpg,2017-05-28-072959,0
canadaojp_2017_05_28_075959.jpg,2017-05-28-075959,0
canadaojp_2017_05_28_082959.jpg,2017-05-28-082959,0
canadaojp_2017_05_28_085959.jpg,2017-05-28-085959,0
canadaojp_2017_05_28_092959.jpg,2017-05-28-092959,0
canadaojp_2017_05_28_095959.jpg,2017-05-28-095959,0
canadaojp_2017_05_28_103000.jpg,2017-05-28-103000,0
canadaojp_2017_05_28_105959.jpg,2017-05-28-105959,0
canadaojp_2017_05_28_113000.jpg,2017-05-28-113000,0
canadaojp_2017_05_28_115959.jpg,2017-05-28-115959,0
canadaojp_2017_05_28_123000.jpg,2017-05-28-123000,0
canadaojp_2017_05_28_125959.jpg,2017-05-28-125959,0
canadaojp_2017_05_28_133000.jpg,2017-05-28-133000,0
canadaojp_2017_05_28_135959.jpg,2017-05-28-135959,0
canadaojp_2017_05_28_142959.jpg,2017-05-28-142959,0
canadaojp_2017_05_28_145959.jpg,2017-05-28-145959,0
canadaojp_2017_05_28_152959.jpg,2017-05-28-152959,0
canadaojp_2017_05_28_155959.jpg,2017-05-28-155959,0
canadaojp_2017_05_28_162959.jpg,2017-05-28-162959,0
canadaojp_2017_05_28_170000.jpg,2017-05-28-170000,1
canadaojp_2017_05_28_172959.jpg,2017-05-28-172959,0
canadaojp_2017_05_28_180000.jpg,2017-05-28-180000,0
canadaojp_2017_05_28_182959.jpg,2017-05-28-182959,0
canadaojp_2017_05_28_190000.jpg,2017-05-28-190000,0
canadaojp_2017_05_28_193000.jpg,2017-05-28-193000,0
canadaojp_2017_05_28_200000.jpg,2017-05-28-200000,0
canadaojp_2017_05_28_203000.jpg,2017-05-28-203000,0
canadaojp_2017_05_28_205959.jpg,2017-05-28-205959,0
canadaojp_2017_05_28_213000.jpg,2017-05-28-213000,1
canadaojp_2017_05_28_215959.jpg,2017-05-28-215959,1
canadaojp_2017_05_28_223000.jpg,2017-05-28-223000,1
canadaojp_2017_05_28_225959.jpg,2017-05-28-225959,1
canadaojp_2017_05_28_233000.jpg,2017-05-28-233000,1
canadaojp_2017_05_28_235959.jpg,2017-05-28-235959,1
canadaojp_2017_05_29_003000.jpg,2017-05-29-003000,1
canadaojp_2017_05_29_005959.jpg,2017-05-29-005959,1
canadaojp_2017_05_29_013000.jpg,2017-05-29-013000,1
canadaojp_2017_05_29_020000.jpg,2017-05-29-020000,1
canadaojp_2017_05_29_022959.jpg,2017-05-29-022959,1
canadaojp_2017_05_29_030000.jpg,2017-05-29-030000,1
canadaojp_2017_05_29_032959.jpg,2017-05-29-032959,1
canadaojp_2017_05_29_040000.jpg,2017-05-29-040000,1
canadaojp_2017_05_29_042959.jpg,2017-05-29-042959,1
canadaojp_2017_05_29_050000.jpg,2017-05-29-050000,0
canadaojp_2017_05_29_052959.jpg,2017-05-29-052959,0
canadaojp_2017_05_29_060000.jpg,2017-05-29-060000,0
canadaojp_2017_05_29_062959.jpg,2017-05-29-062959,0
canadaojp_2017_05_29_070000.jpg,2017-05-29-070000,0
canadaojp_2017_05_29_072959.jpg,2017-05-29-072959,0
canadaojp_2017_05_29_080000.jpg,2017-05-29-080000,0
canadaojp_2017_05_29_083000.jpg,2017-05-29-083000,0
canadaojp_2017_05_29_085959.jpg,2017-05-29-085959,0
canadaojp_2017_05_29_093000.jpg,2017-05-29-093000,0
canadaojp_2017_05_29_095959.jpg,2017-05-29-095959,0
canadaojp_2017_05_29_103000.jpg,2017-05-29-103000,0
canadaojp_2017_05_29_105959.jpg,2017-05-29-105959,0
canadaojp_2017_05_29_113000.jpg,2017-05-29-113000,0
canadaojp_2017_05_29_115959.jpg,2017-05-29-115959,0
canadaojp_2017_05_29_123000.jpg,2017-05-29-123000,0
canadaojp_2017_05_29_125959.jpg,2017-05-29-125959,0
canadaojp_2017_05_29_133000.jpg,2017-05-29-133000,0
canadaojp_2017_05_29_140000.jpg,2017-05-29-140000,0
canadaojp_2017_05_29_143000.jpg,2017-05-29-143000,0
canadaojp_2017_05_29_150000.jpg,2017-05-29-150000,0
canadaojp_2017_05_29_152959.jpg,2017-05-29-152959,0
canadaojp_2017_05_29_160000.jpg,2017-05-29-160000,0
canadaojp_2017_05_29_162959.jpg,2017-05-29-162959,0
canadaojp_2017_05_29_170000.jpg,2017-05-29-170000,0
canadaojp_2017_05_29_172959.jpg,2017-05-29-172959,0
canadaojp_2017_05_29_180000.jpg,2017-05-29-180000,0
canadaojp_2017_05_29_182959.jpg,2017-05-29-182959,1
canadaojp_2017_05_29_190000.jpg,2017-05-29-190000,0
canadaojp_2017_05_29_192959.jpg,2017-05-29-192959,0
canadaojp_2017_05_29_200000.jpg,2017-05-29-200000,0
canadaojp_2017_05_29_203000.jpg,2017-05-29-203000,0
canadaojp_2017_05_29_210000.jpg,2017-05-29-210000,1
canadaojp_2017_05_29_213000.jpg,2017-05-29-213000,0
canadaojp_2017_05_29_215959.jpg,2017-05-29-215959,1
canadaojp_2017_05_29_223000.jpg,2017-05-29-223000,1
canadaojp_2017_05_29_225959.jpg,2017-05-29-225959,1
canadaojp_2017_05_29_233000.jpg,2017-05-29-233000,1
canadaojp_2017_05_29_235959.jpg,2017-05-29-235959,1
canadaojp_2017_05_30_003000.jpg,2017-05-30-003000,1
canadaojp_2017_05_30_005959.jpg,2017-05-30-005959,1
canadaojp_2017_05_30_013000.jpg,2017-05-30-013000,1
canadaojp_2017_05_30_015959.jpg,2017-05-30-015959,1
canadaojp_2017_05_30_023000.jpg,2017-05-30-023000,1
canadaojp_2017_05_30_030000.jpg,2017-05-30-030000,1
canadaojp_2017_05_30_033000.jpg,2017-05-30-033000,1
canadaojp_2017_05_30_040000.jpg,2017-05-30-040000,1
canadaojp_2017_05_30_042959.jpg,2017-05-30-042959,1
canadaojp_2017_05_30_050000.jpg,2017-05-30-050000,0
canadaojp_2017_05_30_052959.jpg,2017-05-30-052959,0
canadaojp_2017_05_30_060000.jpg,2017-05-30-060000,0
canadaojp_2017_05_30_062959.jpg,2017-05-30-062959,0
canadaojp_2017_05_30_070000.jpg,2017-05-30-070000,0
canadaojp_2017_05_30_072959.jpg,2017-05-30-072959,0
canadaojp_2017_05_30_080000.jpg,2017-05-30-080000,0
canadaojp_2017_05_30_082959.jpg,2017-05-30-082959,0
canadaojp_2017_05_30_090000.jpg,2017-05-30-090000,0
canadaojp_2017_05_30_093000.jpg,2017-05-30-093000,0
canadaojp_2017_05_30_100000.jpg,2017-05-30-100000,0
canadaojp_2017_05_30_103000.jpg,2017-05-30-103000,0
canadaojp_2017_05_30_105959.jpg,2017-05-30-105959,0
canadaojp_2017_05_30_113000.jpg,2017-05-30-113000,0
canadaojp_2017_05_30_115959.jpg,2017-05-30-115959,0
canadaojp_2017_05_30_123000.jpg,2017-05-30-123000,0
canadaojp_2017_05_30_125959.jpg,2017-05-30-125959,0
canadaojp_2017_05_30_133000.jpg,2017-05-30-133000,0
canadaojp_2017_05_30_135959.jpg,2017-05-30-135959,0
canadaojp_2017_05_30_143000.jpg,2017-05-30-143000,0
canadaojp_2017_05_30_145959.jpg,2017-05-30-145959,0
canadaojp_2017_05_30_153000.jpg,2017-05-30-153000,0
canadaojp_2017_05_30_160000.jpg,2017-05-30-160000,0
canadaojp_2017_05_30_163000.jpg,2017-05-30-163000,0
canadaojp_2017_05_30_170000.jpg,2017-05-30-170000,0
canadaojp_2017_05_30_172959.jpg,2017-05-30-172959,0
canadaojp_2017_05_30_180000.jpg,2017-05-30-180000,0
canadaojp_2017_05_30_182959.jpg,2017-05-30-182959,1
canadaojp_2017_05_30_190000.jpg,2017-05-30-190000,1
canadaojp_2017_05_30_192959.jpg,2017-05-30-192959,0
canadaojp_2017_05_30_200000.jpg,2017-05-30-200000,0
canadaojp_2017_05_30_202959.jpg,2017-05-30-202959,0
canadaojp_2017_05_30_210000.jpg,2017-05-30-210000,1
canadaojp_2017_05_30_212959.jpg,2017-05-30-212959,0
canadaojp_2017_05_30_220000.jpg,2017-05-30-220000,1
canadaojp_2017_05_30_223000.jpg,2017-05-30-223000,1
canadaojp_2017_05_30_230000.jpg,2017-05-30-230000,1
canadaojp_2017_05_30_233000.jpg,2017-05-30-233000,1
canadaojp_2017_05_30_235959.jpg,2017-05-30-235959,1
canadaojp_2017_05_31_003000.jpg,2017-05-31-003000,1
canadaojp_2017_05_31_005959.jpg,2017-05-31-005959,1
canadaojp_2017_05_31_013000.jpg,2017-05-31-013000,1
canadaojp_2017_05_31_015959.jpg,2017-05-31-015959,1
canadaojp_2017_05_31_023000.jpg,2017-05-31-023000,1
canadaojp_2017_05_31_025959.jpg,2017-05-31-025959,1
canadaojp_2017_05_31_033000.jpg,2017-05-31-033000,1
canadaojp_2017_05_31_035959.jpg,2017-05-31-035959,1
canadaojp_2017_05_31_043000.jpg,2017-05-31-043000,1
canadaojp_2017_05_31_050000.jpg,2017-05-31-050000,1
canadaojp_2017_05_31_053000.jpg,2017-05-31-053000,0
canadaojp_2017_05_31_060000.jpg,2017-05-31-060000,0
canadaojp_2017_05_31_062959.jpg,2017-05-31-062959,0
canadaojp_2017_05_31_070000.jpg,2017-05-31-070000,0
canadaojp_2017_05_31_072959.jpg,2017-05-31-072959,0
canadaojp_2017_05_31_080000.jpg,2017-05-31-080000,0
canadaojp_2017_05_31_082959.jpg,2017-05-31-082959,0
canadaojp_2017_05_31_090000.jpg,2017-05-31-090000,0
canadaojp_2017_05_31_092959.jpg,2017-05-31-092959,0
canadaojp_2017_05_31_100000.jpg,2017-05-31-100000,0
canadaojp_2017_05_31_102959.jpg,2017-05-31-102959,0
canadaojp_2017_05_31_110000.jpg,2017-05-31-110000,0
canadaojp_2017_05_31_113000.jpg,2017-05-31-113000,0
canadaojp_2017_05_31_120000.jpg,2017-05-31-120000,0
canadaojp_2017_05_31_123000.jpg,2017-05-31-123000,0
canadaojp_2017_05_31_125959.jpg,2017-05-31-125959,0
canadaojp_2017_05_31_133000.jpg,2017-05-31-133000,0
canadaojp_2017_05_31_135959.jpg,2017-05-31-135959,0
canadaojp_2017_05_31_143000.jpg,2017-05-31-143000,0
canadaojp_2017_05_31_145959.jpg,2017-05-31-145959,0
canadaojp_2017_05_31_153000.jpg,2017-05-31-153000,0
canadaojp_2017_05_31_155959.jpg,2017-05-31-155959,0
canadaojp_2017_05_31_163000.jpg,2017-05-31-163000,0
canadaojp_2017_05_31_165959.jpg,2017-05-31-165959,0
canadaojp_2017_05_31_173000.jpg,2017-05-31-173000,0
canadaojp_2017_05_31_180000.jpg,2017-05-31-180000,0
canadaojp_2017_05_31_182959.jpg,2017-05-31-182959,0
canadaojp_2017_05_31_190000.jpg,2017-05-31-190000,0
canadaojp_2017_05_31_192959.jpg,2017-05-31-192959,0
canadaojp_2017_05_31_200000.jpg,2017-05-31-200000,0
canadaojp_2017_05_31_202959.jpg,2017-05-31-202959,0
canadaojp_2017_05_31_210000.jpg,2017-05-31-210000,0
canadaojp_2017_05_31_212959.jpg,2017-05-31-212959,0
canadaojp_2017_05_31_220000.jpg,2017-05-31-220000,1
canadaojp_2017_05_31_222959.jpg,2017-05-31-222959,1
canadaojp_2017_05_31_230000.jpg,2017-05-31-230000,1
canadaojp_2017_05_31_233000.jpg,2017-05-31-233000,1
